times,population,R0,R1,R2,R3,R4,R5,R6,R7
0.0,1.0,1.0,1.0,1.0,1.0,1.0,1.0,1.0,1.0
8.0,1.0,1.0,1.0,1.0,1.0,1.0,1.0,1.0,1.0
15.0,1.0,1.0,1.0,1.0,1.0,1.0,1.0,1.0,1.0
16.0,1.0,1.0,1.0,1.0,1.0,1.0,1.0,1.0,1.0
17.0,1.0,1.0,1.0,1.0,1.0,1.0,1.0,1.0,1.0
18.0,1.0,1.0,1.0,1.0,1.0,1.0,1.0,1.0,1.0
29.0,1.0,1.0,1.0,1.0,1.0,1.0,1.0,1.0,1.0
42.0,1.0,1.0,1.0,1.0,1.0,1.0,1.0,1.0,1.0
46.0,1.0,1.0,1.0,1.0,1.0,1.0,1.0,1.0,1.0
57.0,1.0,1.0,1.0,1.0,1.0,1.0,1.0,1.0,1.0
63.0,1.0,1.0,1.0,1.0,1.0,1.0,1.0,1.0,1.0
65.0,1.0,1.0,1.0,1.0,1.0,1.0,1.0,1.0,1.0
67.0,1.0,1.0,1.0,1.0,1.0,1.0,1.0,1.0,1.0
71.0,1.0,1.0,1.0,1.0,1.0,1.0,1.0,1.0,1.0
72.0,0.998511904761905,1.0,1.0,1.0,1.0,1.0,1.0,0.9961832061068708,1.0
98.0,0.9970238095238094,1.0,0.992805755395684,0.9777777777777777,1.0,1.0,1.0,0.9961832061068708,1.0
113.0,0.9955357142857146,1.0,0.992805755395684,0.9777777777777777,1.0,1.0,1.0,0.9961832061068708,1.0
114.0,0.9955357142857146,1.0,0.992805755395684,0.9777777777777777,1.0,1.0,1.0,0.9961832061068708,1.0
120.0,0.9940453913601373,0.9696969696969697,0.9856115107913673,0.9555555555555556,1.0,1.0,1.0,0.9923517322372287,1.0
148.0,0.9940453913601373,0.9696969696969697,0.9856115107913673,0.9555555555555556,1.0,1.0,1.0,0.9923517322372287,1.0
160.0,0.9925528307124493,0.9393939393939394,0.9784172661870509,0.9555555555555556,1.0,1.0,1.0,0.9885202583675873,1.0
168.0,0.9925528307124493,0.9393939393939394,0.9784172661870509,0.9555555555555556,1.0,1.0,1.0,0.9885202583675873,1.0
169.0,0.9910580222324609,0.9393939393939394,0.9784172661870509,0.9555555555555556,1.0,1.0,1.0,0.9846738760393082,0.9958333333333338
171.0,0.9895632137524724,0.9393939393939394,0.9712230215827342,0.9555555555555556,1.0,1.0,1.0,0.9846738760393082,0.9958333333333338
173.0,0.9880684052724833,0.9393939393939394,0.9712230215827342,0.9555555555555556,0.9795918367346942,1.0,1.0,0.9846738760393082,0.9958333333333338
175.0,0.9865735967924949,0.9393939393939394,0.9712230215827342,0.9555555555555556,0.9591836734693877,1.0,1.0,0.9808274937110295,0.9958333333333338
177.0,0.9835839798325179,0.9393939393939394,0.9568345323741009,0.9111111111111113,0.9591836734693877,1.0,1.0,0.9769811113827513,0.9875000000000004
180.0,0.9820868961493634,0.9393939393939394,0.9496402877697842,0.888888888888889,0.9591836734693877,1.0,1.0,0.9731195259622661,0.9833333333333338
181.0,0.980589812466209,0.9393939393939394,0.9496402877697842,0.888888888888889,0.9387755102040818,1.0,1.0,0.9692579405417805,0.9833333333333338
184.0,0.979092728783055,0.9393939393939394,0.9424460431654675,0.888888888888889,0.9387755102040818,1.0,1.0,0.9653963551212953,0.9791666666666667
186.0,0.979092728783055,0.9393939393939394,0.9424460431654675,0.888888888888889,0.9387755102040818,1.0,1.0,0.9653963551212953,0.9791666666666667
191.0,0.9775933524755772,0.9393939393939394,0.9424460431654675,0.888888888888889,0.9387755102040818,1.0,1.0,0.9615192613256279,0.9791666666666667
195.0,0.9760939761680988,0.9090909090909092,0.9351964582180409,0.8660968660968662,0.9387755102040818,1.0,1.0,0.95764216752996,0.9791666666666667
205.0,0.9745922931278407,0.9090909090909092,0.9351964582180409,0.8660968660968662,0.9387755102040818,1.0,1.0,0.95764216752996,0.9791666666666667
213.0,0.9745922931278407,0.9090909090909092,0.9351964582180409,0.8660968660968662,0.9387755102040818,1.0,1.0,0.95764216752996,0.9791666666666667
223.0,0.9730882926754835,0.9090909090909092,0.9351964582180409,0.8660968660968662,0.9387755102040818,1.0,1.0,0.9537650737342916,0.9791666666666667
227.0,0.9715842922231254,0.9090909090909092,0.9279468732706141,0.8433048433048435,0.9387755102040818,1.0,1.0,0.9498879799386245,0.9749642346208873
229.0,0.9715842922231254,0.9090909090909092,0.9279468732706141,0.8433048433048435,0.9387755102040818,1.0,1.0,0.9498879799386245,0.9749642346208873
233.0,0.9700779599871208,0.9090909090909092,0.9206972883231876,0.8205128205128206,0.9387755102040818,1.0,1.0,0.9460108861429565,0.9749642346208873
238.0,0.9685716277511154,0.9090909090909092,0.913447703375761,0.8205128205128206,0.9387755102040818,1.0,1.0,0.9421337923472882,0.9707436102285897
241.0,0.9670652955151108,0.9090909090909092,0.913447703375761,0.8205128205128206,0.9183673469387755,1.0,1.0,0.9421337923472882,0.9707436102285897
242.0,0.9655589632791058,0.8787878787878789,0.9061981184283348,0.8205128205128206,0.9183673469387755,1.0,1.0,0.9382566985516209,0.9707436102285897
247.0,0.964052631043101,0.8787878787878789,0.9061981184283348,0.8205128205128206,0.9183673469387755,0.9945652173913045,1.0,0.9382566985516209,0.9707436102285897
249.0,0.9625462988070961,0.8787878787878789,0.9061981184283348,0.8205128205128206,0.8979591836734694,0.9945652173913045,1.0,0.9343796047559525,0.9707436102285897
251.0,0.9610399665710914,0.8484848484848484,0.8989485334809079,0.7977207977207977,0.8979591836734694,0.9945652173913045,1.0,0.9305025109602847,0.9707436102285897
272.0,0.9580273020990819,0.8181818181818182,0.8916989485334806,0.7977207977207977,0.8775510204081634,0.9945652173913045,1.0,0.9266254171646173,0.9665229858362916
273.0,0.9580273020990819,0.8181818181818182,0.8916989485334806,0.7977207977207977,0.8775510204081634,0.9945652173913045,1.0,0.9266254171646173,0.9665229858362916
275.0,0.9565185976863272,0.8181818181818182,0.8916989485334806,0.7977207977207977,0.8775510204081634,0.9945652173913045,1.0,0.9227483233689494,0.9623023614439933
276.0,0.9565185976863272,0.8181818181818182,0.8916989485334806,0.7977207977207977,0.8775510204081634,0.9945652173913045,1.0,0.9227483233689494,0.9623023614439933
281.0,0.9534964220222314,0.787878787878788,0.8844493635860545,0.7977207977207977,0.8571428571428573,0.9945652173913045,1.0,0.9188548705277303,0.9623023614439933
285.0,0.9504742463581364,0.787878787878788,0.8771997786386279,0.7977207977207977,0.8571428571428573,0.9891005733397045,1.0,0.9188548705277303,0.9623023614439933
286.0,0.9489631585260879,0.787878787878788,0.8699501936912009,0.7749287749287752,0.8571428571428573,0.9891005733397045,1.0,0.9149614176865107,0.9580817370516951
288.0,0.9474520706940404,0.787878787878788,0.8699501936912009,0.7749287749287752,0.8367346938775513,0.9891005733397045,1.0,0.9149614176865107,0.9580817370516951
293.0,0.945940982861992,0.787878787878788,0.8627006087437745,0.7521367521367522,0.8367346938775513,0.9891005733397045,1.0,0.9110679648452917,0.9580817370516951
296.0,0.945940982861992,0.787878787878788,0.8627006087437745,0.7521367521367522,0.8367346938775513,0.9891005733397045,1.0,0.9110679648452917,0.9580817370516951
305.0,0.9444274772894135,0.787878787878788,0.8627006087437745,0.7521367521367522,0.8367346938775513,0.9891005733397045,1.0,0.9110679648452917,0.9580817370516951
307.0,0.942913971716834,0.7575757575757575,0.855451023796348,0.7293447293447295,0.8367346938775513,0.9891005733397045,1.0,0.9071578019060419,0.9580817370516951
308.0,0.9398869605716756,0.7575757575757575,0.855451023796348,0.7293447293447295,0.8367346938775513,0.9891005733397045,1.0,0.8993374760275418,0.9538424373302271
310.0,0.9398869605716756,0.7575757575757575,0.855451023796348,0.7293447293447295,0.8367346938775513,0.9891005733397045,1.0,0.8993374760275418,0.9538424373302271
316.0,0.938371013861076,0.7272727272727274,0.8482014388489211,0.7065527065527067,0.8367346938775513,0.9891005733397045,1.0,0.8954273130882917,0.9538424373302271
319.0,0.938371013861076,0.7272727272727274,0.8482014388489211,0.7065527065527067,0.8367346938775513,0.9891005733397045,1.0,0.8954273130882917,0.9538424373302271
322.0,0.938371013861076,0.7272727272727274,0.8482014388489211,0.7065527065527067,0.8367346938775513,0.9891005733397045,1.0,0.8954273130882917,0.9538424373302271
329.0,0.9368501532227268,0.7272727272727274,0.8482014388489211,0.7065527065527067,0.8367346938775513,0.9891005733397045,1.0,0.8915171501490415,0.9538424373302271
336.0,0.9353292925843784,0.7272727272727274,0.8482014388489211,0.7065527065527067,0.8158163265306124,0.9891005733397045,1.0,0.8876069872097913,0.9538424373302271
338.0,0.9307667106693328,0.7272727272727274,0.8482014388489211,0.7065527065527067,0.7530612244897961,0.9891005733397045,1.0,0.8836968242705412,0.9538424373302271
343.0,0.9292458500309845,0.7272727272727274,0.8482014388489211,0.7065527065527067,0.7530612244897961,0.9836055701544838,1.0,0.8797866613312907,0.9538424373302271
344.0,0.9277249893926359,0.7272727272727274,0.8482014388489211,0.7065527065527067,0.7530612244897961,0.9836055701544838,1.0,0.8758764983920403,0.9538424373302271
348.0,0.9262041287542873,0.7272727272727274,0.8482014388489211,0.7065527065527067,0.7530612244897961,0.9836055701544838,1.0,0.8758764983920403,0.9538424373302271
350.0,0.9246832681159387,0.7272727272727274,0.8482014388489211,0.7065527065527067,0.7530612244897961,0.9836055701544838,1.0,0.8719663354527905,0.9538424373302271
353.0,0.92316240747759,0.7272727272727274,0.8482014388489211,0.7065527065527067,0.7530612244897961,0.9781105669692631,1.0,0.8719663354527905,0.9538424373302271
357.0,0.921641546839241,0.696969696969697,0.8409518539014942,0.683760683760684,0.7530612244897961,0.9781105669692631,1.0,0.8680561725135401,0.9495842121635746
358.0,0.9201206862008932,0.6666666666666669,0.8337022689540677,0.683760683760684,0.7530612244897961,0.9781105669692631,1.0,0.8641460095742897,0.9495842121635746
359.0,0.9170789649241958,0.6666666666666669,0.8264526840066411,0.683760683760684,0.7530612244897961,0.9726155637840423,1.0,0.8563256836957898,0.9495842121635746
360.0,0.9155581042858468,0.6666666666666669,0.8192030990592145,0.683760683760684,0.7530612244897961,0.9726155637840423,1.0,0.8524155207565393,0.9495842121635746
368.0,0.9155581042858468,0.6666666666666669,0.8192030990592145,0.683760683760684,0.7530612244897961,0.9726155637840423,1.0,0.8524155207565393,0.9495842121635746
369.0,0.9140347130973512,0.6666666666666669,0.8192030990592145,0.683760683760684,0.7530612244897961,0.9671205605988217,1.0,0.8485053578172894,0.9453068058024773
370.0,0.9109879307203597,0.6666666666666669,0.8192030990592145,0.683760683760684,0.7321428571428573,0.9671205605988217,1.0,0.8406850319387886,0.9453068058024773
371.0,0.9094645395318646,0.6666666666666669,0.8192030990592145,0.683760683760684,0.7321428571428573,0.9616255574136019,1.0,0.8406850319387886,0.9453068058024773
372.0,0.907941148343369,0.6666666666666669,0.8192030990592145,0.683760683760684,0.7321428571428573,0.956130554228381,1.0,0.8406850319387886,0.9453068058024773
374.0,0.9064177571548736,0.6666666666666669,0.8192030990592145,0.683760683760684,0.7321428571428573,0.956130554228381,1.0,0.8406850319387886,0.9410293994413808
375.0,0.904894365966378,0.6666666666666669,0.8192030990592145,0.683760683760684,0.7112244897959187,0.956130554228381,1.0,0.8367748689995385,0.9410293994413808
377.0,0.9033709747778824,0.6666666666666669,0.8119535141117873,0.683760683760684,0.7112244897959187,0.956130554228381,1.0,0.8328647060602888,0.9367519930802833
379.0,0.9018475835893863,0.6666666666666669,0.8047039291643607,0.6609686609686611,0.7112244897959187,0.956130554228381,1.0,0.8289545431210382,0.9367519930802833
385.0,0.9003241924008912,0.6666666666666669,0.8047039291643607,0.6609686609686611,0.7112244897959187,0.9506355510431607,1.0,0.8289545431210382,0.9367519930802833
392.0,0.898800801212395,0.6666666666666669,0.7974543442169345,0.6381766381766383,0.7112244897959187,0.9506355510431607,1.0,0.8250443801817883,0.9324745867191859
394.0,0.8972774100238996,0.6666666666666669,0.7902047592695074,0.6153846153846155,0.7112244897959187,0.9506355510431607,1.0,0.8250443801817883,0.928197180358089
403.0,0.8957540188354041,0.6666666666666669,0.7829551743220811,0.5925925925925928,0.7112244897959187,0.9506355510431607,1.0,0.8211342172425378,0.928197180358089
410.0,0.8942306276469089,0.6363636363636364,0.775705589374654,0.5925925925925928,0.7112244897959187,0.9506355510431607,1.0,0.8172240543032877,0.923919773996992
415.0,0.8927072364584127,0.6363636363636364,0.775705589374654,0.5925925925925928,0.6903061224489798,0.9506355510431607,1.0,0.8172240543032877,0.923919773996992
417.0,0.8911838452699177,0.6363636363636364,0.775705589374654,0.5925925925925928,0.6903061224489798,0.9506355510431607,1.0,0.8133138913640375,0.923919773996992
420.0,0.888137062892926,0.606060606060606,0.7684560044272274,0.5698005698005698,0.6903061224489798,0.9506355510431607,1.0,0.8054935654855374,0.923919773996992
424.0,0.888137062892926,0.606060606060606,0.7684560044272274,0.5698005698005698,0.6903061224489798,0.9506355510431607,1.0,0.8054935654855374,0.923919773996992
426.0,0.8850850454946683,0.606060606060606,0.7612064194798006,0.5698005698005698,0.6903061224489798,0.9506355510431607,1.0,0.7976350916759221,0.9196423676358941
429.0,0.8850850454946683,0.606060606060606,0.7612064194798006,0.5698005698005698,0.6903061224489798,0.9506355510431607,1.0,0.7976350916759221,0.9196423676358941
432.0,0.8850850454946683,0.606060606060606,0.7612064194798006,0.5698005698005698,0.6903061224489798,0.9506355510431607,1.0,0.7976350916759221,0.9196423676358941
436.0,0.8835537564886221,0.606060606060606,0.7612064194798006,0.5698005698005698,0.6903061224489798,0.9506355510431607,1.0,0.7936864031032687,0.9196423676358941
438.0,0.882022467482576,0.606060606060606,0.7612064194798006,0.5698005698005698,0.6693877551020411,0.9506355510431607,1.0,0.7936864031032687,0.9196423676358941
446.0,0.8804911784765298,0.606060606060606,0.7612064194798006,0.5698005698005698,0.6484693877551023,0.9506355510431607,1.0,0.7897377145306154,0.9196423676358941
448.0,0.8789598894704838,0.606060606060606,0.753956834532374,0.5470085470085472,0.6484693877551023,0.9506355510431607,1.0,0.7857890259579624,0.9196423676358941
449.0,0.8774286004644376,0.606060606060606,0.753956834532374,0.5470085470085472,0.6484693877551023,0.9506355510431607,1.0,0.7818403373853094,0.9196423676358941
455.0,0.8758973114583911,0.606060606060606,0.7467072495849476,0.5242165242165243,0.6484693877551023,0.9506355510431607,1.0,0.7778916488126564,0.9196423676358941
456.0,0.8743660224523453,0.606060606060606,0.7467072495849476,0.5242165242165243,0.6484693877551023,0.9451405478579396,1.0,0.7778916488126564,0.9196423676358941
460.0,0.8728347334462992,0.606060606060606,0.7394576646375205,0.5242165242165243,0.6484693877551023,0.9451405478579396,1.0,0.7778916488126564,0.9196423676358941
461.0,0.8728347334462992,0.606060606060606,0.7394576646375205,0.5242165242165243,0.6484693877551023,0.9451405478579396,1.0,0.7778916488126564,0.9196423676358941
463.0,0.8728347334462992,0.606060606060606,0.7394576646375205,0.5242165242165243,0.6484693877551023,0.9451405478579396,1.0,0.7778916488126564,0.9196423676358941
465.0,0.8712980525775551,0.5757575757575757,0.7322080796900944,0.5242165242165243,0.6484693877551023,0.9451405478579396,1.0,0.7739228138697349,0.9196423676358941
471.0,0.8697613717088121,0.5757575757575757,0.7249584947426678,0.5242165242165243,0.6484693877551023,0.9451405478579396,1.0,0.7699539789268134,0.9196423676358941
473.0,0.8682246908400688,0.5757575757575757,0.7249584947426678,0.5242165242165243,0.6484693877551023,0.9451405478579396,1.0,0.7659851439838916,0.9153044319394987
475.0,0.8666880099713253,0.5757575757575757,0.7249584947426678,0.5242165242165243,0.6484693877551023,0.9451405478579396,1.0,0.7659851439838916,0.9109664962431027
476.0,0.8636146482338378,0.5757575757575757,0.7249584947426678,0.5242165242165243,0.6484693877551023,0.9451405478579396,1.0,0.7620163090409698,0.9109664962431027
481.0,0.8620779673650942,0.5757575757575757,0.7249584947426678,0.5242165242165243,0.6484693877551023,0.9396134101511678,1.0,0.7620163090409698,0.9109664962431027
486.0,0.8605412864963509,0.5757575757575757,0.7249584947426678,0.5242165242165243,0.6275510204081636,0.9396134101511678,1.0,0.7580474740980482,0.9109664962431027
488.0,0.8605412864963509,0.5757575757575757,0.7249584947426678,0.5242165242165243,0.6275510204081636,0.9396134101511678,1.0,0.7580474740980482,0.9109664962431027
490.0,0.8590018566457311,0.5454545454545454,0.7177089097952407,0.5242165242165243,0.6275510204081636,0.9396134101511678,1.0,0.7540577505501638,0.9109664962431027
491.0,0.8543835670938724,0.5454545454545454,0.7104593248478144,0.5242165242165243,0.6275510204081636,0.9340862724443959,1.0,0.7540577505501638,0.906628560546707
495.0,0.852844137243253,0.5454545454545454,0.7104593248478144,0.5242165242165243,0.6275510204081636,0.9285591347376242,1.0,0.7540577505501638,0.906628560546707
498.0,0.8513047073926334,0.5454545454545454,0.7104593248478144,0.5242165242165243,0.6275510204081636,0.9285591347376242,1.0,0.7500680270022791,0.9022906248503113
500.0,0.8497652775420135,0.5151515151515152,0.7032097399003875,0.5242165242165243,0.6275510204081636,0.9285591347376242,1.0,0.7460783034543949,0.8979526891539154
502.0,0.8482258476913944,0.5151515151515152,0.7032097399003875,0.5242165242165243,0.6275510204081636,0.9230319970308531,1.0,0.7420885799065106,0.8936147534575201
503.0,0.8466864178407743,0.5151515151515152,0.7032097399003875,0.5242165242165243,0.6275510204081636,0.9175048593240817,1.0,0.7380988563586255,0.8936147534575201
504.0,0.8451469879901549,0.5151515151515152,0.7032097399003875,0.5242165242165243,0.6275510204081636,0.9175048593240817,1.0,0.7341091328107415,0.8892768177611244
515.0,0.8436075581395357,0.5151515151515152,0.6959601549529607,0.5014245014245017,0.6275510204081636,0.9175048593240817,1.0,0.7301194092628571,0.8849388820647281
518.0,0.8420681282889158,0.5151515151515152,0.6959601549529607,0.5014245014245017,0.6275510204081636,0.9119777216173094,1.0,0.7261296857149723,0.8849388820647281
525.0,0.8405286984382963,0.5151515151515152,0.688710570005534,0.47863247863247876,0.6275510204081636,0.9119777216173094,1.0,0.7221399621670882,0.8849388820647281
526.0,0.8405286984382963,0.5151515151515152,0.688710570005534,0.47863247863247876,0.6275510204081636,0.9119777216173094,1.0,0.7221399621670882,0.8849388820647281
529.0,0.8389864439457487,0.5151515151515152,0.688710570005534,0.47863247863247876,0.6275510204081636,0.9119777216173094,1.0,0.718128073488382,0.8849388820647281
530.0,0.8374413492055176,0.5151515151515152,0.688710570005534,0.47863247863247876,0.6275510204081636,0.9063827662699635,1.0,0.714116184809676,0.8849388820647281
533.0,0.8358962544652855,0.5151515151515152,0.688710570005534,0.47863247863247876,0.6275510204081636,0.9063827662699635,1.0,0.7101042961309698,0.8806009463683325
535.0,0.8343511597250545,0.5151515151515152,0.688710570005534,0.47863247863247876,0.6059113300492612,0.9063827662699635,1.0,0.7060924074522636,0.8806009463683325
536.0,0.832806064984823,0.5151515151515152,0.688710570005534,0.47863247863247876,0.6059113300492612,0.9063827662699635,1.0,0.7060924074522636,0.8806009463683325
537.0,0.8312609702445911,0.5151515151515152,0.6814609850581074,0.47863247863247876,0.6059113300492612,0.9063827662699635,1.0,0.7060924074522636,0.8806009463683325
540.0,0.8297158755043597,0.5151515151515152,0.6814609850581074,0.47863247863247876,0.6059113300492612,0.9063827662699635,1.0,0.7020805187735583,0.8762630106719372
541.0,0.8297158755043597,0.5151515151515152,0.6814609850581074,0.47863247863247876,0.6059113300492612,0.9063827662699635,1.0,0.7020805187735583,0.8762630106719372
542.0,0.8281678981246872,0.5151515151515152,0.6814609850581074,0.47863247863247876,0.6059113300492612,0.9063827662699635,1.0,0.6980455732633656,0.8719250749755413
544.0,0.8250719433653425,0.5151515151515152,0.6741334475843642,0.47863247863247876,0.6059113300492612,0.9063827662699635,1.0,0.6940106277531722,0.8675871392791452
545.0,0.8235239659856706,0.5151515151515152,0.6741334475843642,0.47863247863247876,0.6059113300492612,0.9063827662699635,1.0,0.6940106277531722,0.8675871392791452
546.0,0.8235239659856706,0.5151515151515152,0.6741334475843642,0.47863247863247876,0.6059113300492612,0.9063827662699635,1.0,0.6940106277531722,0.8675871392791452
547.0,0.8219730733943604,0.5151515151515152,0.6741334475843642,0.47863247863247876,0.6059113300492612,0.9063827662699635,1.0,0.6940106277531722,0.8675871392791452
548.0,0.8173203956204302,0.4829545454545455,0.6667253877207999,0.45584045584045585,0.6059113300492612,0.8951928555752727,1.0,0.6858935443876377,0.8589112678863541
550.0,0.8142186104378097,0.4829545454545455,0.6667253877207999,0.45584045584045585,0.6059113300492612,0.8895979002279275,1.0,0.6818350027048705,0.8589112678863541
552.0,0.8111168252551899,0.4829545454545455,0.6667253877207999,0.45584045584045585,0.6059113300492612,0.8895979002279275,1.0,0.6777764610221038,0.8545733321899583
553.0,0.8111168252551899,0.4829545454545455,0.6667253877207999,0.45584045584045585,0.6059113300492612,0.8895979002279275,1.0,0.6777764610221038,0.8545733321899583
554.0,0.8080090979553612,0.4829545454545455,0.6593173278572354,0.45584045584045585,0.6059113300492612,0.8895979002279275,1.0,0.6777764610221038,0.8502353964935623
557.0,0.806455234305447,0.4829545454545455,0.6593173278572354,0.45584045584045585,0.6059113300492612,0.8895979002279275,1.0,0.6737179193393368,0.8458974607971669
559.0,0.8049013706555328,0.4829545454545455,0.6593173278572354,0.45584045584045585,0.6059113300492612,0.8840029448805822,1.0,0.6696593776565691,0.8415595251007713
563.0,0.8033475070056189,0.4829545454545455,0.6593173278572354,0.45584045584045585,0.6059113300492612,0.8840029448805822,1.0,0.6656008359738025,0.8415595251007713
564.0,0.8017936433557047,0.4829545454545455,0.6593173278572354,0.45584045584045585,0.6059113300492612,0.8840029448805822,1.0,0.6615422942910352,0.8372215894043755
566.0,0.8017936433557047,0.4829545454545455,0.6593173278572354,0.45584045584045585,0.6059113300492612,0.8840029448805822,1.0,0.6615422942910352,0.8372215894043755
567.0,0.8017936433557047,0.4829545454545455,0.6593173278572354,0.45584045584045585,0.6059113300492612,0.8840029448805822,1.0,0.6615422942910352,0.8372215894043755
570.0,0.8017936433557047,0.4829545454545455,0.6593173278572354,0.45584045584045585,0.6059113300492612,0.8840029448805822,1.0,0.6615422942910352,0.8372215894043755
571.0,0.8002306927838613,0.45075757575757575,0.6519092679936713,0.43304843304843305,0.6059113300492612,0.8840029448805822,1.0,0.6574586998818317,0.8372215894043755
573.0,0.7986677422120179,0.45075757575757575,0.6519092679936713,0.43304843304843305,0.6059113300492612,0.8840029448805822,1.0,0.6574586998818317,0.8328610602928944
575.0,0.7971047916401741,0.45075757575757575,0.6445012081301066,0.43304843304843305,0.6059113300492612,0.8840029448805822,1.0,0.6574586998818317,0.8328610602928944
577.0,0.7955418410683307,0.41856060606060613,0.637093148266542,0.43304843304843305,0.6059113300492612,0.8840029448805822,1.0,0.6533751054726274,0.8285005311814133
578.0,0.7939788904964875,0.41856060606060613,0.637093148266542,0.43304843304843305,0.6059113300492612,0.8840029448805822,1.0,0.6492915110634238,0.8285005311814133
579.0,0.7924159399246442,0.41856060606060613,0.6296850884029779,0.43304843304843305,0.6059113300492612,0.8840029448805822,1.0,0.6492915110634238,0.8285005311814133
586.0,0.7908529893528006,0.41856060606060613,0.6296850884029779,0.43304843304843305,0.6059113300492612,0.8840029448805822,1.0,0.6452079166542198,0.8285005311814133
594.0,0.7877270882091136,0.41856060606060613,0.6296850884029779,0.43304843304843305,0.6059113300492612,0.878336259336476,1.0,0.6452079166542198,0.8285005311814133
595.0,0.78616413763727,0.38636363636363646,0.6222770285394131,0.4102564102564103,0.6059113300492612,0.878336259336476,1.0,0.6411243222450157,0.8285005311814133
596.0,0.78616413763727,0.38636363636363646,0.6222770285394131,0.4102564102564103,0.6059113300492612,0.878336259336476,1.0,0.6411243222450157,0.8285005311814133
598.0,0.7845980736180723,0.38636363636363646,0.6222770285394131,0.4102564102564103,0.6059113300492612,0.878336259336476,1.0,0.6411243222450157,0.8241400020699323
600.0,0.7830320095988745,0.38636363636363646,0.6147797149425527,0.38612368024132726,0.6059113300492612,0.878336259336476,1.0,0.6411243222450157,0.8241400020699323
612.0,0.7814659455796772,0.38636363636363646,0.6147797149425527,0.38612368024132726,0.6059113300492612,0.878336259336476,1.0,0.6411243222450157,0.8241400020699323
615.0,0.7814659455796772,0.38636363636363646,0.6147797149425527,0.38612368024132726,0.6059113300492612,0.878336259336476,1.0,0.6411243222450157,0.8241400020699323
622.0,0.7798967368536138,0.38636363636363646,0.6072824013456923,0.38612368024132726,0.6059113300492612,0.878336259336476,1.0,0.6370145509485733,0.8241400020699323
623.0,0.7798967368536138,0.38636363636363646,0.6072824013456923,0.38612368024132726,0.6059113300492612,0.878336259336476,1.0,0.6370145509485733,0.8241400020699323
624.0,0.7767456389269324,0.3541666666666668,0.5921003413120502,0.3378582202111613,0.6059113300492612,0.878336259336476,1.0,0.6287950083556882,0.8241400020699323
628.0,0.7767456389269324,0.3541666666666668,0.5921003413120502,0.3378582202111613,0.6059113300492612,0.878336259336476,1.0,0.6287950083556882,0.8241400020699323
629.0,0.7751668876283004,0.3541666666666668,0.5845093112952293,0.3378582202111613,0.6059113300492612,0.878336259336476,1.0,0.6287950083556882,0.8241400020699323
631.0,0.7751668876283004,0.3541666666666668,0.5845093112952293,0.3378582202111613,0.6059113300492612,0.878336259336476,1.0,0.6287950083556882,0.8241400020699323
632.0,0.7735816792691423,0.3541666666666668,0.5845093112952293,0.3378582202111613,0.6059113300492612,0.878336259336476,1.0,0.6246308030023392,0.8197794729584511
637.0,0.7719964709099839,0.3541666666666668,0.5845093112952293,0.3378582202111613,0.6059113300492612,0.878336259336476,1.0,0.6246308030023392,0.8197794729584511
646.0,0.7704080008052311,0.3541666666666668,0.5845093112952293,0.3378582202111613,0.6059113300492612,0.8725577313145254,1.0,0.6246308030023392,0.8197794729584511
648.0,0.7688195307004783,0.3541666666666668,0.5768183993045024,0.3378582202111613,0.6059113300492612,0.8725577313145254,1.0,0.6246308030023392,0.8154189438469701
650.0,0.7672310605957245,0.3541666666666668,0.5691274873137762,0.3378582202111613,0.6059113300492612,0.8725577313145254,1.0,0.6204665976489905,0.8154189438469701
651.0,0.7672310605957245,0.3541666666666668,0.5691274873137762,0.3378582202111613,0.6059113300492612,0.8725577313145254,1.0,0.6204665976489905,0.8154189438469701
652.0,0.7672310605957245,0.3541666666666668,0.5691274873137762,0.3378582202111613,0.6059113300492612,0.8725577313145254,1.0,0.6204665976489905,0.8154189438469701
657.0,0.7672310605957245,0.3541666666666668,0.5691274873137762,0.3378582202111613,0.6059113300492612,0.8725577313145254,1.0,0.6204665976489905,0.8154189438469701
662.0,0.7656293256049198,0.3541666666666668,0.5691274873137762,0.3378582202111613,0.6059113300492612,0.8725577313145254,1.0,0.6204665976489905,0.8110584147354891
663.0,0.7656293256049198,0.3541666666666668,0.5691274873137762,0.3378582202111613,0.6059113300492612,0.8725577313145254,1.0,0.6204665976489905,0.8110584147354891
670.0,0.7640242326791234,0.3541666666666668,0.5691274873137762,0.3378582202111613,0.6059113300492612,0.8667792032925747,1.0,0.6204665976489905,0.8110584147354891
675.0,0.7624191397533266,0.3541666666666668,0.5691274873137762,0.3378582202111613,0.6059113300492612,0.8610006752706244,0.9743589743589743,0.6204665976489905,0.8066978856240073
679.0,0.7608106605555343,0.3541666666666668,0.5691274873137762,0.3378582202111613,0.5806650246305419,0.8610006752706244,0.9743589743589743,0.6162457364404941,0.8066978856240073
687.0,0.7592021813577424,0.3541666666666668,0.5691274873137762,0.3378582202111613,0.5806650246305419,0.8610006752706244,0.9743589743589743,0.6162457364404941,0.8066978856240073
692.0,0.7592021813577424,0.3541666666666668,0.5691274873137762,0.3378582202111613,0.5806650246305419,0.8610006752706244,0.9743589743589743,0.6162457364404941,0.8066978856240073
695.0,0.7592021813577424,0.3541666666666668,0.5691274873137762,0.3378582202111613,0.5806650246305419,0.8610006752706244,0.9743589743589743,0.6162457364404941,0.8066978856240073
698.0,0.7575868575676193,0.3541666666666668,0.5691274873137762,0.3378582202111613,0.5806650246305419,0.8610006752706244,0.9743589743589743,0.6120248752319974,0.8023136579847465
707.0,0.7559715337774969,0.3541666666666668,0.5691274873137762,0.3378582202111613,0.5542711598746081,0.8610006752706244,0.9743589743589743,0.6120248752319974,0.8023136579847465
712.0,0.754356209987374,0.3541666666666668,0.5613312203642724,0.3378582202111613,0.5542711598746081,0.8610006752706244,0.9743589743589743,0.6120248752319974,0.7979294303454851
714.0,0.7527408861972507,0.3541666666666668,0.5613312203642724,0.3378582202111613,0.5542711598746081,0.8610006752706244,0.9743589743589743,0.6120248752319974,0.7979294303454851
717.0,0.7527408861972507,0.3541666666666668,0.5613312203642724,0.3378582202111613,0.5542711598746081,0.8610006752706244,0.9743589743589743,0.6120248752319974,0.7979294303454851
721.0,0.7527408861972507,0.3541666666666668,0.5613312203642724,0.3378582202111613,0.5542711598746081,0.8610006752706244,0.9743589743589743,0.6120248752319974,0.7979294303454851
722.0,0.7511185998045842,0.3541666666666668,0.5613312203642724,0.3378582202111613,0.5542711598746081,0.8610006752706244,0.9743589743589743,0.6077449809996062,0.7935209804540734
723.0,0.7511185998045842,0.3541666666666668,0.5613312203642724,0.3378582202111613,0.5542711598746081,0.8610006752706244,0.9743589743589743,0.6077449809996062,0.7935209804540734
727.0,0.7494892752930776,0.3541666666666668,0.5613312203642724,0.3378582202111613,0.5542711598746081,0.8551034103715105,0.9743589743589743,0.60343473290741,0.7935209804540734
729.0,0.7478599507815709,0.3541666666666668,0.5613312203642724,0.3378582202111613,0.5542711598746081,0.8551034103715105,0.9743589743589743,0.5991244848152143,0.789087902350978
730.0,0.7462306262700644,0.3541666666666668,0.5535349534147687,0.3378582202111613,0.5542711598746081,0.8551034103715105,0.9743589743589743,0.5991244848152143,0.7846548242478825
731.0,0.7446013017585577,0.3541666666666668,0.5535349534147687,0.3378582202111613,0.5542711598746081,0.8492061454723969,0.9743589743589743,0.5948142367230189,0.7846548242478825
732.0,0.742971977247051,0.3541666666666668,0.5457386864652651,0.3378582202111613,0.5542711598746081,0.8492061454723969,0.9743589743589743,0.5948142367230189,0.7846548242478825
733.0,0.742971977247051,0.3541666666666668,0.5457386864652651,0.3378582202111613,0.5542711598746081,0.8492061454723969,0.9743589743589743,0.5948142367230189,0.7846548242478825
734.0,0.742971977247051,0.3541666666666668,0.5457386864652651,0.3378582202111613,0.5542711598746081,0.8492061454723969,0.9743589743589743,0.5948142367230189,0.7846548242478825
737.0,0.742971977247051,0.3541666666666668,0.5457386864652651,0.3378582202111613,0.5542711598746081,0.8492061454723969,0.9743589743589743,0.5948142367230189,0.7846548242478825
740.0,0.742971977247051,0.3541666666666668,0.5457386864652651,0.3378582202111613,0.5542711598746081,0.8492061454723969,0.9743589743589743,0.5948142367230189,0.7846548242478825
741.0,0.742971977247051,0.3541666666666668,0.5457386864652651,0.3378582202111613,0.5542711598746081,0.8492061454723969,0.9743589743589743,0.5948142367230189,0.7846548242478825
742.0,0.741317251239819,0.3541666666666668,0.5457386864652651,0.3378582202111613,0.5542711598746081,0.8492061454723969,0.9743589743589743,0.5904082053398853,0.7846548242478825
745.0,0.7396625252325876,0.3541666666666668,0.5378294301396815,0.3378582202111613,0.5542711598746081,0.8492061454723969,0.9743589743589743,0.5860021739567518,0.7846548242478825
747.0,0.7380077992253558,0.3187500000000001,0.5299201738140976,0.3118691263487643,0.5542711598746081,0.8492061454723969,0.9743589743589743,0.5815961425736182,0.7846548242478825
748.0,0.7363493547327145,0.3187500000000001,0.5299201738140976,0.3118691263487643,0.5542711598746081,0.8432676409586043,0.9743589743589743,0.5815961425736182,0.7846548242478825
751.0,0.7363493547327145,0.3187500000000001,0.5299201738140976,0.3118691263487643,0.5542711598746081,0.8432676409586043,0.9743589743589743,0.5815961425736182,0.7846548242478825
753.0,0.7363493547327145,0.3187500000000001,0.5299201738140976,0.3118691263487643,0.5542711598746081,0.8432676409586043,0.9743589743589743,0.5815961425736182,0.7846548242478825
754.0,0.7346834059663511,0.3187500000000001,0.5218910802714598,0.3118691263487643,0.5542711598746081,0.8432676409586043,0.9743589743589743,0.5815961425736182,0.7846548242478825
755.0,0.7330174571999872,0.3187500000000001,0.5218910802714598,0.3118691263487643,0.5542711598746081,0.8432676409586043,0.9743589743589743,0.5815961425736182,0.780092877595279
758.0,0.7330174571999872,0.3187500000000001,0.5218910802714598,0.3118691263487643,0.5542711598746081,0.8432676409586043,0.9743589743589743,0.5815961425736182,0.780092877595279
761.0,0.7330174571999872,0.3187500000000001,0.5218910802714598,0.3118691263487643,0.5542711598746081,0.8432676409586043,0.9743589743589743,0.5815961425736182,0.780092877595279
762.0,0.7313400717144037,0.3187500000000001,0.5218910802714598,0.3118691263487643,0.5542711598746081,0.8372443006660429,0.9743589743589743,0.5815961425736182,0.780092877595279
766.0,0.7313400717144037,0.3187500000000001,0.5218910802714598,0.3118691263487643,0.5542711598746081,0.8372443006660429,0.9743589743589743,0.5815961425736182,0.780092877595279
768.0,0.7313400717144037,0.3187500000000001,0.5218910802714598,0.3118691263487643,0.5542711598746081,0.8372443006660429,0.9743589743589743,0.5815961425736182,0.780092877595279
769.0,0.7296549563417897,0.3187500000000001,0.5218910802714598,0.3118691263487643,0.5278772951186743,0.8372443006660429,0.9743589743589743,0.5815961425736182,0.780092877595279
770.0,0.7296549563417897,0.3187500000000001,0.5218910802714598,0.3118691263487643,0.5278772951186743,0.8372443006660429,0.9743589743589743,0.5815961425736182,0.780092877595279
772.0,0.7279659402391461,0.3187500000000001,0.5218910802714598,0.3118691263487643,0.5278772951186743,0.8372443006660429,0.9743589743589743,0.5815961425736182,0.780092877595279
776.0,0.7262729961920784,0.3187500000000001,0.5137365321422184,0.3118691263487643,0.5278772951186743,0.8372443006660429,0.9743589743589743,0.5815961425736182,0.780092877595279
779.0,0.7262729961920784,0.3187500000000001,0.5137365321422184,0.3118691263487643,0.5278772951186743,0.8372443006660429,0.9743589743589743,0.5815961425736182,0.780092877595279
784.0,0.7245760966682655,0.3187500000000001,0.5137365321422184,0.3118691263487643,0.5278772951186743,0.8311773129800569,0.9743589743589743,0.5815961425736182,0.7754769434083246
790.0,0.7228791971444524,0.2833333333333333,0.5055819840129769,0.3118691263487643,0.5278772951186743,0.8311773129800569,0.9743589743589743,0.577052422709762,0.7754769434083246
792.0,0.7228791971444524,0.2833333333333333,0.5055819840129769,0.3118691263487643,0.5278772951186743,0.8311773129800569,0.9743589743589743,0.577052422709762,0.7754769434083246
795.0,0.721178304915877,0.2833333333333333,0.5055819840129769,0.3118691263487643,0.5278772951186743,0.8311773129800569,0.9743589743589743,0.577052422709762,0.7754769434083246
797.0,0.7177765204587268,0.2833333333333333,0.4974274358837354,0.3118691263487643,0.5278772951186743,0.8311773129800569,0.9743589743589743,0.5678928604445278,0.7708610092213707
798.0,0.7177765204587268,0.2833333333333333,0.4974274358837354,0.3118691263487643,0.5278772951186743,0.8311773129800569,0.9743589743589743,0.5678928604445278,0.7708610092213707
799.0,0.7160715881060933,0.2833333333333333,0.4974274358837354,0.3118691263487643,0.5278772951186743,0.8311773129800569,0.9743589743589743,0.5678928604445278,0.7662450750344164
801.0,0.7143666557534596,0.2833333333333333,0.4974274358837354,0.3118691263487643,0.5278772951186743,0.8311773129800569,0.9448329448329449,0.5678928604445278,0.7662450750344164
805.0,0.7126617234008263,0.2833333333333333,0.4974274358837354,0.3118691263487643,0.5278772951186743,0.8311773129800569,0.9448329448329449,0.5678928604445278,0.7662450750344164
806.0,0.7126617234008263,0.2833333333333333,0.4974274358837354,0.3118691263487643,0.5278772951186743,0.8311773129800569,0.9448329448329449,0.5678928604445278,0.7662450750344164
819.0,0.7109527024813999,0.2833333333333333,0.4892728877544936,0.3118691263487643,0.5278772951186743,0.8311773129800569,0.9448329448329449,0.5678928604445278,0.7662450750344164
825.0,0.7109527024813999,0.2833333333333333,0.4892728877544936,0.3118691263487643,0.5278772951186743,0.8311773129800569,0.9448329448329449,0.5678928604445278,0.7662450750344164
827.0,0.7092395634392762,0.2833333333333333,0.4811183396252523,0.3118691263487643,0.5278772951186743,0.8311773129800569,0.9448329448329449,0.5632758453189629,0.7615728489671332
828.0,0.7092395634392762,0.2833333333333333,0.4811183396252523,0.3118691263487643,0.5278772951186743,0.8311773129800569,0.9448329448329449,0.5632758453189629,0.7615728489671332
836.0,0.7075222763607306,0.2833333333333333,0.4728231958386102,0.3118691263487643,0.5278772951186743,0.8311773129800569,0.9448329448329449,0.5632758453189629,0.7568717819982007
838.0,0.7058049892821846,0.2833333333333333,0.4728231958386102,0.3118691263487643,0.5278772951186743,0.8251103252940712,0.9448329448329449,0.5632758453189629,0.7568717819982007
841.0,0.7058049892821846,0.2833333333333333,0.4728231958386102,0.3118691263487643,0.5278772951186743,0.8251103252940712,0.9448329448329449,0.5632758453189629,0.7568717819982007
842.0,0.7040835136985696,0.2833333333333333,0.4643799244843492,0.3118691263487643,0.5278772951186743,0.8251103252940712,0.9448329448329449,0.5586206730435993,0.7568717819982007
853.0,0.7040835136985696,0.2833333333333333,0.4643799244843492,0.3118691263487643,0.5278772951186743,0.8251103252940712,0.9448329448329449,0.5586206730435993,0.7568717819982007
854.0,0.7040835136985696,0.2833333333333333,0.4643799244843492,0.3118691263487643,0.5278772951186743,0.8251103252940712,0.9448329448329449,0.5586206730435993,0.7568717819982007
855.0,0.700623643852385,0.24285714285714285,0.4559366531300883,0.3118691263487643,0.5278772951186743,0.8251103252940712,0.9448329448329449,0.5539655007682361,0.7521707150292675
857.0,0.6988894269121557,0.24285714285714285,0.4559366531300883,0.3118691263487643,0.5278772951186743,0.8190433376080853,0.9448329448329449,0.5539655007682361,0.7521707150292675
858.0,0.6988894269121557,0.24285714285714285,0.4559366531300883,0.3118691263487643,0.5278772951186743,0.8190433376080853,0.9448329448329449,0.5539655007682361,0.7521707150292675
859.0,0.6954036941096015,0.16190476190476188,0.43840062800970014,0.28068221371388785,0.5278772951186743,0.8190433376080853,0.9448329448329449,0.5445762549925031,0.7474101408835122
861.0,0.6936564486470147,0.16190476190476188,0.43840062800970014,0.28068221371388785,0.5278772951186743,0.8129310738945923,0.9448329448329449,0.5445762549925031,0.7474101408835122
865.0,0.6919092031844276,0.16190476190476188,0.43840062800970014,0.28068221371388785,0.5278772951186743,0.8129310738945923,0.9448329448329449,0.5445762549925031,0.7474101408835122
866.0,0.6901619577218407,0.16190476190476188,0.43840062800970014,0.28068221371388785,0.5000942795861125,0.8129310738945923,0.9448329448329449,0.5445762549925031,0.7474101408835122
867.0,0.6884147122592538,0.16190476190476188,0.42963261544950615,0.28068221371388785,0.5000942795861125,0.8129310738945923,0.9448329448329449,0.5445762549925031,0.7474101408835122
870.0,0.6884147122592538,0.16190476190476188,0.42963261544950615,0.28068221371388785,0.5000942795861125,0.8129310738945923,0.9448329448329449,0.5445762549925031,0.7474101408835122
876.0,0.6866585522790009,0.16190476190476188,0.42963261544950615,0.28068221371388785,0.5000942795861125,0.8067725051529665,0.9448329448329449,0.5445762549925031,0.7474101408835122
877.0,0.6866585522790009,0.16190476190476188,0.42963261544950615,0.28068221371388785,0.5000942795861125,0.8067725051529665,0.9448329448329449,0.5445762549925031,0.7474101408835122
883.0,0.684897889324439,0.16190476190476188,0.42086460288931227,0.28068221371388785,0.5000942795861125,0.8067725051529665,0.9448329448329449,0.5445762549925031,0.7474101408835122
888.0,0.684897889324439,0.16190476190476188,0.42086460288931227,0.28068221371388785,0.5000942795861125,0.8067725051529665,0.9448329448329449,0.5445762549925031,0.7474101408835122
889.0,0.6831326885787574,0.16190476190476188,0.42086460288931227,0.28068221371388785,0.5000942795861125,0.8006139364113409,0.9153069153069153,0.5445762549925031,0.7474101408835122
890.0,0.6813674878330759,0.16190476190476188,0.42086460288931227,0.28068221371388785,0.5000942795861125,0.8006139364113409,0.9153069153069153,0.5445762549925031,0.7425881399745865
891.0,0.6796022870873945,0.16190476190476188,0.42086460288931227,0.28068221371388785,0.5000942795861125,0.7944553676697153,0.9153069153069153,0.5398408092969161,0.7425881399745865
892.0,0.6796022870873945,0.16190476190476188,0.42086460288931227,0.28068221371388785,0.5000942795861125,0.7944553676697153,0.9153069153069153,0.5398408092969161,0.7425881399745865
893.0,0.6778324894647708,0.16190476190476188,0.42086460288931227,0.28068221371388785,0.5000942795861125,0.7944553676697153,0.9153069153069153,0.5398408092969161,0.7377661390656602
916.0,0.6778324894647708,0.16190476190476188,0.42086460288931227,0.28068221371388785,0.5000942795861125,0.7944553676697153,0.9153069153069153,0.5398408092969161,0.7377661390656602
918.0,0.6760580588640778,0.16190476190476188,0.42086460288931227,0.28068221371388785,0.5000942795861125,0.7882967989280895,0.9153069153069153,0.5398408092969161,0.732912414466544
933.0,0.6760580588640778,0.16190476190476188,0.42086460288931227,0.28068221371388785,0.5000942795861125,0.7882967989280895,0.9153069153069153,0.5398408092969161,0.732912414466544
936.0,0.6760580588640778,0.16190476190476188,0.42086460288931227,0.28068221371388785,0.5000942795861125,0.7882967989280895,0.9153069153069153,0.5398408092969161,0.732912414466544
940.0,0.6760580588640778,0.16190476190476188,0.42086460288931227,0.28068221371388785,0.5000942795861125,0.7882967989280895,0.9153069153069153,0.5398408092969161,0.732912414466544
942.0,0.6760580588640778,0.16190476190476188,0.42086460288931227,0.28068221371388785,0.5000942795861125,0.7882967989280895,0.9153069153069153,0.5398408092969161,0.732912414466544
945.0,0.6742504169954573,0.16190476190476188,0.4120965903291181,0.24949530107901133,0.5000942795861125,0.7882967989280895,0.9153069153069153,0.5398408092969161,0.732912414466544
956.0,0.6706254147535463,0.16190476190476188,0.4033285777689242,0.24949530107901133,0.5000942795861125,0.7819904245366647,0.9153069153069153,0.5349331655760348,0.7279603035579862
959.0,0.6688129136325909,0.16190476190476188,0.3945605652087301,0.24949530107901133,0.5000942795861125,0.7819904245366647,0.9153069153069153,0.530025521855154,0.7279603035579862
960.0,0.6670004125116357,0.16190476190476188,0.3857925526485361,0.21830838844413494,0.5000942795861125,0.7819904245366647,0.8857808857808859,0.530025521855154,0.7279603035579862
964.0,0.6651879113906801,0.16190476190476188,0.3857925526485361,0.21830838844413494,0.5000942795861125,0.7756840501452394,0.8857808857808859,0.5251178781342726,0.7230081926494287
967.0,0.6651879113906801,0.16190476190476188,0.3857925526485361,0.21830838844413494,0.5000942795861125,0.7756840501452394,0.8857808857808859,0.5251178781342726,0.7230081926494287
969.0,0.6651879113906801,0.16190476190476188,0.3857925526485361,0.21830838844413494,0.5000942795861125,0.7756840501452394,0.8857808857808859,0.5251178781342726,0.7230081926494287
970.0,0.6651879113906801,0.16190476190476188,0.3857925526485361,0.21830838844413494,0.5000942795861125,0.7756840501452394,0.8857808857808859,0.5251178781342726,0.7230081926494287
972.0,0.6651879113906801,0.16190476190476188,0.3857925526485361,0.21830838844413494,0.5000942795861125,0.7756840501452394,0.8857808857808859,0.5251178781342726,0.7230081926494287
973.0,0.6651879113906801,0.16190476190476188,0.3857925526485361,0.21830838844413494,0.5000942795861125,0.7756840501452394,0.8857808857808859,0.5251178781342726,0.7230081926494287
974.0,0.6651879113906801,0.16190476190476188,0.3857925526485361,0.21830838844413494,0.5000942795861125,0.7756840501452394,0.8857808857808859,0.5251178781342726,0.7230081926494287
981.0,0.6633298445990858,0.16190476190476188,0.3857925526485361,0.21830838844413494,0.4723112640535508,0.7756840501452394,0.8857808857808859,0.5251178781342726,0.7230081926494287
982.0,0.661471777807492,0.16190476190476188,0.3857925526485361,0.21830838844413494,0.4445282485209889,0.7756840501452394,0.8857808857808859,0.5251178781342726,0.7230081926494287
983.0,0.659613711015898,0.16190476190476188,0.3857925526485361,0.21830838844413494,0.4445282485209889,0.7756840501452394,0.8857808857808859,0.5251178781342726,0.7230081926494287
986.0,0.659613711015898,0.16190476190476188,0.3857925526485361,0.21830838844413494,0.4445282485209889,0.7756840501452394,0.8857808857808859,0.5251178781342726,0.7230081926494287
991.0,0.6577503954480565,0.16190476190476188,0.3857925526485361,0.21830838844413494,0.4445282485209889,0.7692734381605677,0.8857808857808859,0.5251178781342726,0.7230081926494287
995.0,0.6577503954480565,0.16190476190476188,0.3857925526485361,0.21830838844413494,0.4445282485209889,0.7692734381605677,0.8857808857808859,0.5251178781342726,0.7230081926494287
1002.0,0.655881786370079,0.16190476190476188,0.3857925526485361,0.21830838844413494,0.4445282485209889,0.7692734381605677,0.8857808857808859,0.5251178781342726,0.7230081926494287
1013.0,0.655881786370079,0.16190476190476188,0.3857925526485361,0.21830838844413494,0.4445282485209889,0.7692734381605677,0.8857808857808859,0.5251178781342726,0.7230081926494287
1036.0,0.6540078384090218,0.16190476190476188,0.3857925526485361,0.21830838844413494,0.4445282485209889,0.7692734381605677,0.8857808857808859,0.520019646307726,0.7179165856589398
1043.0,0.6521338904479647,0.16190476190476188,0.37682063281950046,0.21830838844413494,0.4445282485209889,0.7692734381605677,0.8857808857808859,0.520019646307726,0.7128249786684504
1059.0,0.6502599424869072,0.16190476190476188,0.37682063281950046,0.21830838844413494,0.4445282485209889,0.7628628261758966,0.8857808857808859,0.520019646307726,0.7077333716779616
1062.0,0.6502599424869072,0.16190476190476188,0.37682063281950046,0.21830838844413494,0.4445282485209889,0.7628628261758966,0.8857808857808859,0.520019646307726,0.7077333716779616
1077.0,0.6502599424869072,0.16190476190476188,0.37682063281950046,0.21830838844413494,0.4445282485209889,0.7628628261758966,0.8857808857808859,0.520019646307726,0.7077333716779616
1078.0,0.6502599424869072,0.16190476190476188,0.37682063281950046,0.21830838844413494,0.4445282485209889,0.7628628261758966,0.8857808857808859,0.520019646307726,0.7077333716779616
1080.0,0.6483696519564219,0.16190476190476188,0.36762988567756133,0.21830838844413494,0.4445282485209889,0.7628628261758966,0.8857808857808859,0.520019646307726,0.7077333716779616
1088.0,0.6483696519564219,0.16190476190476188,0.36762988567756133,0.21830838844413494,0.4445282485209889,0.7628628261758966,0.8857808857808859,0.520019646307726,0.7077333716779616
1089.0,0.6483696519564219,0.16190476190476188,0.36762988567756133,0.21830838844413494,0.4445282485209889,0.7628628261758966,0.8857808857808859,0.520019646307726,0.7077333716779616
1090.0,0.6464626823918437,0.16190476190476188,0.36762988567756133,0.21830838844413494,0.4445282485209889,0.7563978869710161,0.8857808857808859,0.520019646307726,0.7077333716779616
1091.0,0.6464626823918437,0.16190476190476188,0.36762988567756133,0.21830838844413494,0.4445282485209889,0.7563978869710161,0.8857808857808859,0.520019646307726,0.7077333716779616
1093.0,0.6445443955004733,0.16190476190476188,0.36762988567756133,0.21830838844413494,0.4445282485209889,0.7563978869710161,0.8857808857808859,0.5148194498446484,0.7077333716779616
1094.0,0.6426203823795767,0.16190476190476188,0.36762988567756133,0.21830838844413494,0.4445282485209889,0.7563978869710161,0.8857808857808859,0.5095661901523559,0.7077333716779616
1095.0,0.6426203823795767,0.16190476190476188,0.36762988567756133,0.21830838844413494,0.4445282485209889,0.7563978869710161,0.8857808857808859,0.5095661901523559,0.7077333716779616
1100.0,0.6426203823795767,0.16190476190476188,0.36762988567756133,0.21830838844413494,0.4445282485209889,0.7563978869710161,0.8857808857808859,0.5095661901523559,0.7077333716779616
1105.0,0.6387257133954586,0.16190476190476188,0.36762988567756133,0.21830838844413494,0.4445282485209889,0.7498772155316109,0.8857808857808859,0.5095661901523559,0.7077333716779616
1108.0,0.636778378903399,0.16190476190476188,0.36762988567756133,0.21830838844413494,0.4445282485209889,0.7498772155316109,0.8857808857808859,0.5042582090049356,0.7077333716779616
1109.0,0.636778378903399,0.16190476190476188,0.36762988567756133,0.21830838844413494,0.4445282485209889,0.7498772155316109,0.8857808857808859,0.5042582090049356,0.7077333716779616
1113.0,0.636778378903399,0.16190476190476188,0.36762988567756133,0.21830838844413494,0.4445282485209889,0.7498772155316109,0.8857808857808859,0.5042582090049356,0.7077333716779616
1114.0,0.636778378903399,0.16190476190476188,0.36762988567756133,0.21830838844413494,0.4445282485209889,0.7498772155316109,0.8857808857808859,0.5042582090049356,0.7077333716779616
1117.0,0.636778378903399,0.16190476190476188,0.36762988567756133,0.21830838844413494,0.4445282485209889,0.7498772155316109,0.8857808857808859,0.5042582090049356,0.7077333716779616
1119.0,0.636778378903399,0.16190476190476188,0.36762988567756133,0.21830838844413494,0.4445282485209889,0.7498772155316109,0.8857808857808859,0.5042582090049356,0.7077333716779616
1120.0,0.6348008062981088,0.16190476190476188,0.36762988567756133,0.21830838844413494,0.4445282485209889,0.7498772155316109,0.8857808857808859,0.5042582090049356,0.7023717552258558
1125.0,0.6348008062981088,0.16190476190476188,0.36762988567756133,0.21830838844413494,0.4445282485209889,0.7498772155316109,0.8857808857808859,0.5042582090049356,0.7023717552258558
1140.0,0.6328170537784271,0.16190476190476188,0.36762988567756133,0.21830838844413494,0.4445282485209889,0.7498772155316109,0.8857808857808859,0.49895022785751525,0.6970101387737501
1146.0,0.6308333012587458,0.16190476190476188,0.35769394282141104,0.21830838844413494,0.4445282485209889,0.7498772155316109,0.8857808857808859,0.49895022785751525,0.6916485223216443
1150.0,0.628849548739064,0.16190476190476188,0.35769394282141104,0.21830838844413494,0.4445282485209889,0.7432993452199301,0.8857808857808859,0.49364224671009505,0.6862869058695386
1152.0,0.628849548739064,0.16190476190476188,0.35769394282141104,0.21830838844413494,0.4445282485209889,0.7432993452199301,0.8857808857808859,0.49364224671009505,0.6862869058695386
1157.0,0.626853200965289,0.16190476190476188,0.35769394282141104,0.21830838844413494,0.4445282485209889,0.7432993452199301,0.8857808857808859,0.48833426556267456,0.6862869058695386
1162.0,0.6248568531915141,0.16190476190476188,0.35769394282141104,0.21830838844413494,0.41674523298842714,0.7432993452199301,0.8562548562548564,0.48833426556267456,0.6862869058695386
1163.0,0.6248568531915141,0.16190476190476188,0.35769394282141104,0.21830838844413494,0.41674523298842714,0.7432993452199301,0.8562548562548564,0.48833426556267456,0.6862869058695386
1164.0,0.6228541068671821,0.16190476190476188,0.35769394282141104,0.21830838844413494,0.41674523298842714,0.7432993452199301,0.8562548562548564,0.48833426556267456,0.6862869058695386
1167.0,0.6228541068671821,0.16190476190476188,0.35769394282141104,0.21830838844413494,0.41674523298842714,0.7432993452199301,0.8562548562548564,0.48833426556267456,0.6862869058695386
1169.0,0.6228541068671821,0.16190476190476188,0.35769394282141104,0.21830838844413494,0.41674523298842714,0.7432993452199301,0.8562548562548564,0.48833426556267456,0.6862869058695386
1170.0,0.620838397783469,0.16190476190476188,0.3471735327384283,0.21830838844413494,0.41674523298842714,0.7432993452199301,0.8562548562548564,0.48833426556267456,0.6862869058695386
1171.0,0.620838397783469,0.16190476190476188,0.3471735327384283,0.21830838844413494,0.41674523298842714,0.7432993452199301,0.8562548562548564,0.48833426556267456,0.6862869058695386
1174.0,0.6188161228721224,0.16190476190476188,0.3471735327384283,0.21830838844413494,0.38896221745586523,0.7432993452199301,0.8562548562548564,0.48833426556267456,0.6862869058695386
1177.0,0.6188161228721224,0.16190476190476188,0.3471735327384283,0.21830838844413494,0.38896221745586523,0.7432993452199301,0.8562548562548564,0.48833426556267456,0.6862869058695386
1182.0,0.6188161228721224,0.16190476190476188,0.3471735327384283,0.21830838844413494,0.38896221745586523,0.7432993452199301,0.8562548562548564,0.48833426556267456,0.6862869058695386
1183.0,0.6167805435205691,0.16190476190476188,0.3471735327384283,0.21830838844413494,0.38896221745586523,0.7432993452199301,0.8562548562548564,0.4828473637024201,0.6807966106225821
1185.0,0.6167805435205691,0.16190476190476188,0.3471735327384283,0.21830838844413494,0.38896221745586523,0.7432993452199301,0.8562548562548564,0.4828473637024201,0.6807966106225821
1192.0,0.6147382238400372,0.16190476190476188,0.3471735327384283,0.21830838844413494,0.38896221745586523,0.7432993452199301,0.8562548562548564,0.47729739400469096,0.6807966106225821
1193.0,0.6126890964272373,0.16190476190476188,0.3471735327384283,0.21830838844413494,0.38896221745586523,0.7432993452199301,0.8562548562548564,0.47168213054581204,0.6807966106225821
1195.0,0.6126890964272373,0.16190476190476188,0.3471735327384283,0.21830838844413494,0.38896221745586523,0.7432993452199301,0.8562548562548564,0.47168213054581204,0.6807966106225821
1205.0,0.6126890964272373,0.16190476190476188,0.3471735327384283,0.21830838844413494,0.38896221745586523,0.7432993452199301,0.8562548562548564,0.47168213054581204,0.6807966106225821
1207.0,0.6106261701766403,0.16190476190476188,0.3363243598403524,0.21830838844413494,0.38896221745586523,0.7432993452199301,0.8562548562548564,0.46599921331032024,0.6807966106225821
1208.0,0.6106261701766403,0.16190476190476188,0.3363243598403524,0.21830838844413494,0.38896221745586523,0.7432993452199301,0.8562548562548564,0.46599921331032024,0.6807966106225821
1212.0,0.6106261701766403,0.16190476190476188,0.3363243598403524,0.21830838844413494,0.38896221745586523,0.7432993452199301,0.8562548562548564,0.46599921331032024,0.6807966106225821
1218.0,0.6085492104141351,0.16190476190476188,0.3363243598403524,0.21830838844413494,0.38896221745586523,0.7364800851720412,0.8562548562548564,0.46599921331032024,0.6807966106225821
1219.0,0.6064722506516292,0.16190476190476188,0.3363243598403524,0.21830838844413494,0.38896221745586523,0.7296608251241515,0.8562548562548564,0.46599921331032024,0.6807966106225821
1222.0,0.6064722506516292,0.16190476190476188,0.3363243598403524,0.21830838844413494,0.38896221745586523,0.7296608251241515,0.8562548562548564,0.46599921331032024,0.6807966106225821
1225.0,0.6043737307531807,0.16190476190476188,0.3363243598403524,0.21830838844413494,0.38896221745586523,0.7296608251241515,0.8562548562548564,0.4603162960748286,0.6807966106225821
1230.0,0.6043737307531807,0.16190476190476188,0.3363243598403524,0.21830838844413494,0.38896221745586523,0.7296608251241515,0.8562548562548564,0.4603162960748286,0.6807966106225821
1231.0,0.6043737307531807,0.16190476190476188,0.3363243598403524,0.21830838844413494,0.38896221745586523,0.7296608251241515,0.8562548562548564,0.4603162960748286,0.6807966106225821
1232.0,0.6043737307531807,0.16190476190476188,0.3363243598403524,0.21830838844413494,0.38896221745586523,0.7296608251241515,0.8562548562548564,0.4603162960748286,0.6807966106225821
1233.0,0.6043737307531807,0.16190476190476188,0.3363243598403524,0.21830838844413494,0.38896221745586523,0.7296608251241515,0.8562548562548564,0.4603162960748286,0.6807966106225821
1240.0,0.6043737307531807,0.16190476190476188,0.3363243598403524,0.21830838844413494,0.38896221745586523,0.7296608251241515,0.8562548562548564,0.4603162960748286,0.6807966106225821
1243.0,0.6043737307531807,0.16190476190476188,0.3363243598403524,0.21830838844413494,0.38896221745586523,0.7296608251241515,0.8562548562548564,0.4603162960748286,0.6807966106225821
1246.0,0.6022305614951904,0.16190476190476188,0.3363243598403524,0.21830838844413494,0.38896221745586523,0.7296608251241515,0.8562548562548564,0.4603162960748286,0.6752163105355118
1250.0,0.6022305614951904,0.16190476190476188,0.3363243598403524,0.21830838844413494,0.38896221745586523,0.7296608251241515,0.8562548562548564,0.4603162960748286,0.6752163105355118
1253.0,0.600079738061279,0.16190476190476188,0.3363243598403524,0.21830838844413494,0.38896221745586523,0.7296608251241515,0.8562548562548564,0.4603162960748286,0.6752163105355118
1264.0,0.600079738061279,0.16190476190476188,0.3363243598403524,0.21830838844413494,0.38896221745586523,0.7296608251241515,0.8562548562548564,0.4603162960748286,0.6752163105355118
1277.0,0.600079738061279,0.16190476190476188,0.3363243598403524,0.21830838844413494,0.38896221745586523,0.7296608251241515,0.8562548562548564,0.4603162960748286,0.6752163105355118
1279.0,0.5979133852162922,0.16190476190476188,0.3363243598403524,0.21830838844413494,0.38896221745586523,0.7296608251241515,0.8562548562548564,0.4603162960748286,0.6752163105355118
1280.0,0.5935806795263194,0.16190476190476188,0.3363243598403524,0.21830838844413494,0.38896221745586523,0.7296608251241515,0.8562548562548564,0.448808388672958,0.6695895079477161
1283.0,0.5935806795263194,0.16190476190476188,0.3363243598403524,0.21830838844413494,0.38896221745586523,0.7296608251241515,0.8562548562548564,0.448808388672958,0.6695895079477161
1296.0,0.5914063913229266,0.16190476190476188,0.3363243598403524,0.21830838844413494,0.3565486993345432,0.7296608251241515,0.8562548562548564,0.448808388672958,0.6695895079477161
1306.0,0.589224079915831,0.16190476190476188,0.3363243598403524,0.21830838844413494,0.3565486993345432,0.7296608251241515,0.8562548562548564,0.44305443497202285,0.6695895079477161
1317.0,0.589224079915831,0.16190476190476188,0.3363243598403524,0.21830838844413494,0.3565486993345432,0.7296608251241515,0.8562548562548564,0.44305443497202285,0.6695895079477161
1323.0,0.589224079915831,0.16190476190476188,0.3363243598403524,0.21830838844413494,0.3565486993345432,0.7296608251241515,0.8562548562548564,0.44305443497202285,0.6695895079477161
1329.0,0.5870254826027124,0.16190476190476188,0.3363243598403524,0.21830838844413494,0.3565486993345432,0.7296608251241515,0.8562548562548564,0.44305443497202285,0.6695895079477161
1331.0,0.5870254826027124,0.16190476190476188,0.3363243598403524,0.21830838844413494,0.3565486993345432,0.7296608251241515,0.8562548562548564,0.44305443497202285,0.6695895079477161
1337.0,0.5848102921023248,0.16190476190476188,0.3363243598403524,0.21830838844413494,0.3241351812132211,0.7296608251241515,0.825674325674326,0.44305443497202285,0.6695895079477161
1340.0,0.5848102921023248,0.16190476190476188,0.3363243598403524,0.21830838844413494,0.3241351812132211,0.7296608251241515,0.825674325674326,0.44305443497202285,0.6695895079477161
1341.0,0.5848102921023248,0.16190476190476188,0.3363243598403524,0.21830838844413494,0.3241351812132211,0.7296608251241515,0.825674325674326,0.44305443497202285,0.6695895079477161
1342.0,0.5848102921023248,0.16190476190476188,0.3363243598403524,0.21830838844413494,0.3241351812132211,0.7296608251241515,0.825674325674326,0.44305443497202285,0.6695895079477161
1343.0,0.582561021748085,0.16190476190476188,0.3363243598403524,0.21830838844413494,0.3241351812132211,0.7296608251241515,0.825674325674326,0.44305443497202285,0.6636639370809218
1349.0,0.582561021748085,0.16190476190476188,0.3363243598403524,0.21830838844413494,0.3241351812132211,0.7296608251241515,0.825674325674326,0.44305443497202285,0.6636639370809218
1350.0,0.582561021748085,0.16190476190476188,0.3363243598403524,0.21830838844413494,0.3241351812132211,0.7296608251241515,0.825674325674326,0.44305443497202285,0.6636639370809218
1351.0,0.582561021748085,0.16190476190476188,0.3363243598403524,0.21830838844413494,0.3241351812132211,0.7296608251241515,0.825674325674326,0.44305443497202285,0.6636639370809218
1352.0,0.5802764687216221,0.16190476190476188,0.3363243598403524,0.21830838844413494,0.3241351812132211,0.7296608251241515,0.825674325674326,0.44305443497202285,0.6576849826928057
1355.0,0.5802764687216221,0.16190476190476188,0.3363243598403524,0.21830838844413494,0.3241351812132211,0.7296608251241515,0.825674325674326,0.44305443497202285,0.6576849826928057
1356.0,0.5802764687216221,0.16190476190476188,0.3363243598403524,0.21830838844413494,0.3241351812132211,0.7296608251241515,0.825674325674326,0.44305443497202285,0.6576849826928057
1357.0,0.5802764687216221,0.16190476190476188,0.3363243598403524,0.21830838844413494,0.3241351812132211,0.7296608251241515,0.825674325674326,0.44305443497202285,0.6576849826928057
1358.0,0.5802764687216221,0.16190476190476188,0.3363243598403524,0.21830838844413494,0.3241351812132211,0.7296608251241515,0.825674325674326,0.44305443497202285,0.6576849826928057
1363.0,0.5779366442509704,0.1079365079365079,0.32338880753880034,0.21830838844413494,0.3241351812132211,0.7296608251241515,0.825674325674326,0.4369851961367897,0.6515953069271312
1364.0,0.5779366442509704,0.1079365079365079,0.32338880753880034,0.21830838844413494,0.3241351812132211,0.7296608251241515,0.825674325674326,0.4369851961367897,0.6515953069271312
1366.0,0.5755873082987311,0.1079365079365079,0.32338880753880034,0.21830838844413494,0.29172166309189895,0.7296608251241515,0.825674325674326,0.4309159573015565,0.6515953069271312
1371.0,0.5732379723464913,0.1079365079365079,0.32338880753880034,0.21830838844413494,0.29172166309189895,0.7296608251241515,0.825674325674326,0.4309159573015565,0.6515953069271312
1387.0,0.5708886363942512,0.1079365079365079,0.32338880753880034,0.21830838844413494,0.29172166309189895,0.7296608251241515,0.825674325674326,0.4248467184663235,0.6515953069271312
1388.0,0.5685393004420118,0.1079365079365079,0.32338880753880034,0.21830838844413494,0.29172166309189895,0.7296608251241515,0.825674325674326,0.41877747963109024,0.6515953069271312
1401.0,0.5685393004420118,0.1079365079365079,0.32338880753880034,0.21830838844413494,0.29172166309189895,0.7296608251241515,0.825674325674326,0.41877747963109024,0.6515953069271312
1420.0,0.5661802162078127,0.1079365079365079,0.32338880753880034,0.21830838844413494,0.29172166309189895,0.7296608251241515,0.825674325674326,0.41877747963109024,0.6515953069271312
1427.0,0.5661802162078127,0.1079365079365079,0.32338880753880034,0.21830838844413494,0.29172166309189895,0.7296608251241515,0.825674325674326,0.41877747963109024,0.6515953069271312
1432.0,0.5661802162078127,0.1079365079365079,0.32338880753880034,0.21830838844413494,0.29172166309189895,0.7296608251241515,0.825674325674326,0.41877747963109024,0.6515953069271312
1434.0,0.5661802162078127,0.1079365079365079,0.32338880753880034,0.21830838844413494,0.29172166309189895,0.7296608251241515,0.825674325674326,0.41877747963109024,0.6515953069271312
1435.0,0.5661802162078127,0.1079365079365079,0.32338880753880034,0.21830838844413494,0.29172166309189895,0.7296608251241515,0.825674325674326,0.41877747963109024,0.6515953069271312
1441.0,0.5661802162078127,0.1079365079365079,0.32338880753880034,0.21830838844413494,0.29172166309189895,0.7296608251241515,0.825674325674326,0.41877747963109024,0.6515953069271312
1443.0,0.5661802162078127,0.1079365079365079,0.32338880753880034,0.21830838844413494,0.29172166309189895,0.7296608251241515,0.825674325674326,0.41877747963109024,0.6515953069271312
1449.0,0.5637397842413996,0.1079365079365079,0.3104532552372484,0.17464671075530797,0.29172166309189895,0.7296608251241515,0.825674325674326,0.4124323663033465,0.6515953069271312
1459.0,0.561299352274987,0.1079365079365079,0.3104532552372484,0.17464671075530797,0.29172166309189895,0.7217297291988887,0.825674325674326,0.4124323663033465,0.6453896373373491
1460.0,0.5588482634004236,0.1079365079365079,0.3104532552372484,0.17464671075530797,0.29172166309189895,0.7217297291988887,0.825674325674326,0.4059881105798568,0.6453896373373491
1463.0,0.5563971745258603,0.1079365079365079,0.3104532552372484,0.17464671075530797,0.29172166309189895,0.7217297291988887,0.825674325674326,0.3995438548563671,0.639183967747567
1469.0,0.5563971745258603,0.1079365079365079,0.3104532552372484,0.17464671075530797,0.29172166309189895,0.7217297291988887,0.825674325674326,0.3995438548563671,0.639183967747567
1472.0,0.5563971745258603,0.1079365079365079,0.3104532552372484,0.17464671075530797,0.29172166309189895,0.7217297291988887,0.825674325674326,0.3995438548563671,0.639183967747567
1475.0,0.5563971745258603,0.1079365079365079,0.3104532552372484,0.17464671075530797,0.29172166309189895,0.7217297291988887,0.825674325674326,0.3995438548563671,0.639183967747567
1481.0,0.5539021199315739,0.1079365079365079,0.3104532552372484,0.17464671075530797,0.29172166309189895,0.7135282550034464,0.825674325674326,0.3995438548563671,0.6329782981577845
1483.0,0.5539021199315739,0.1079365079365079,0.3104532552372484,0.17464671075530797,0.29172166309189895,0.7135282550034464,0.825674325674326,0.3995438548563671,0.6329782981577845
1486.0,0.5539021199315739,0.1079365079365079,0.3104532552372484,0.17464671075530797,0.29172166309189895,0.7135282550034464,0.825674325674326,0.3995438548563671,0.6329782981577845
1490.0,0.5539021199315739,0.1079365079365079,0.3104532552372484,0.17464671075530797,0.29172166309189895,0.7135282550034464,0.825674325674326,0.3995438548563671,0.6329782981577845
1493.0,0.5513612845190439,0.1079365079365079,0.29751770293569635,0.17464671075530797,0.29172166309189895,0.7135282550034464,0.825674325674326,0.3995438548563671,0.6265193359316844
1499.0,0.5513612845190439,0.1079365079365079,0.29751770293569635,0.17464671075530797,0.29172166309189895,0.7135282550034464,0.825674325674326,0.3995438548563671,0.6265193359316844
1502.0,0.548784829918488,0.1079365079365079,0.29751770293569635,0.17464671075530797,0.29172166309189895,0.7135282550034464,0.825674325674326,0.3995438548563671,0.6199930928490628
1505.0,0.548784829918488,0.1079365079365079,0.29751770293569635,0.17464671075530797,0.29172166309189895,0.7135282550034464,0.825674325674326,0.3995438548563671,0.6199930928490628
1514.0,0.548784829918488,0.1079365079365079,0.29751770293569635,0.17464671075530797,0.29172166309189895,0.7135282550034464,0.825674325674326,0.3995438548563671,0.6199930928490628
1521.0,0.5461590651820358,0.1079365079365079,0.29751770293569635,0.17464671075530797,0.29172166309189895,0.7135282550034464,0.825674325674326,0.3995438548563671,0.6133265004528362
1525.0,0.5435333004455837,0.1079365079365079,0.29751770293569635,0.17464671075530797,0.29172166309189895,0.7135282550034464,0.825674325674326,0.3995438548563671,0.6133265004528362
1527.0,0.5435333004455837,0.1079365079365079,0.29751770293569635,0.17464671075530797,0.29172166309189895,0.7135282550034464,0.825674325674326,0.3995438548563671,0.6133265004528362
1528.0,0.5408947892783721,0.1079365079365079,0.29751770293569635,0.17464671075530797,0.29172166309189895,0.7135282550034464,0.825674325674326,0.3995438548563671,0.6133265004528362
1557.0,0.5408947892783721,0.1079365079365079,0.29751770293569635,0.17464671075530797,0.29172166309189895,0.7135282550034464,0.825674325674326,0.3995438548563671,0.6133265004528362
1560.0,0.5408947892783721,0.1079365079365079,0.29751770293569635,0.17464671075530797,0.29172166309189895,0.7135282550034464,0.825674325674326,0.3995438548563671,0.6133265004528362
1570.0,0.5408947892783721,0.1079365079365079,0.29751770293569635,0.17464671075530797,0.29172166309189895,0.7135282550034464,0.825674325674326,0.3995438548563671,0.6133265004528362
1578.0,0.5408947892783721,0.1079365079365079,0.29751770293569635,0.17464671075530797,0.29172166309189895,0.7135282550034464,0.825674325674326,0.3995438548563671,0.6133265004528362
1582.0,0.5408947892783721,0.1079365079365079,0.29751770293569635,0.17464671075530797,0.29172166309189895,0.7135282550034464,0.825674325674326,0.3995438548563671,0.6133265004528362
1587.0,0.5381903153319804,0.1079365079365079,0.29751770293569635,0.17464671075530797,0.2431013859099158,0.7135282550034464,0.825674325674326,0.39227942113170583,0.6133265004528362
1589.0,0.5354858413855886,0.1079365079365079,0.29751770293569635,0.17464671075530797,0.19448110872793264,0.7135282550034464,0.825674325674326,0.38501498740704465,0.6133265004528362
1598.0,0.5354858413855886,0.1079365079365079,0.29751770293569635,0.17464671075530797,0.19448110872793264,0.7135282550034464,0.825674325674326,0.38501498740704465,0.6133265004528362
1600.0,0.5354858413855886,0.1079365079365079,0.29751770293569635,0.17464671075530797,0.19448110872793264,0.7135282550034464,0.825674325674326,0.38501498740704465,0.6133265004528362
1601.0,0.5327537707662746,0.1079365079365079,0.29751770293569635,0.17464671075530797,0.19448110872793264,0.7046091518159037,0.825674325674326,0.38501498740704465,0.6133265004528362
1603.0,0.5327537707662746,0.1079365079365079,0.29751770293569635,0.17464671075530797,0.19448110872793264,0.7046091518159037,0.825674325674326,0.38501498740704465,0.6133265004528362
1604.0,0.5327537707662746,0.1079365079365079,0.29751770293569635,0.17464671075530797,0.19448110872793264,0.7046091518159037,0.825674325674326,0.38501498740704465,0.6133265004528362
1617.0,0.5327537707662746,0.1079365079365079,0.29751770293569635,0.17464671075530797,0.19448110872793264,0.7046091518159037,0.825674325674326,0.38501498740704465,0.6133265004528362
1624.0,0.5327537707662746,0.1079365079365079,0.29751770293569635,0.17464671075530797,0.19448110872793264,0.7046091518159037,0.825674325674326,0.38501498740704465,0.6133265004528362
1625.0,0.5327537707662746,0.1079365079365079,0.29751770293569635,0.17464671075530797,0.19448110872793264,0.7046091518159037,0.825674325674326,0.38501498740704465,0.6133265004528362
1627.0,0.5327537707662746,0.1079365079365079,0.29751770293569635,0.17464671075530797,0.19448110872793264,0.7046091518159037,0.825674325674326,0.38501498740704465,0.6133265004528362
1629.0,0.5327537707662746,0.1079365079365079,0.29751770293569635,0.17464671075530797,0.19448110872793264,0.7046091518159037,0.825674325674326,0.38501498740704465,0.6133265004528362
1632.0,0.5327537707662746,0.1079365079365079,0.29751770293569635,0.17464671075530797,0.19448110872793264,0.7046091518159037,0.825674325674326,0.38501498740704465,0.6133265004528362
1637.0,0.5327537707662746,0.1079365079365079,0.29751770293569635,0.17464671075530797,0.19448110872793264,0.7046091518159037,0.825674325674326,0.38501498740704465,0.6133265004528362
1641.0,0.5298740206540248,0.1079365079365079,0.29751770293569635,0.17464671075530797,0.19448110872793264,0.7046091518159037,0.825674325674326,0.3773146876589037,0.6062767705625735
1642.0,0.5298740206540248,0.1079365079365079,0.29751770293569635,0.17464671075530797,0.19448110872793264,0.7046091518159037,0.825674325674326,0.3773146876589037,0.6062767705625735
1645.0,0.5298740206540248,0.1079365079365079,0.29751770293569635,0.17464671075530797,0.19448110872793264,0.7046091518159037,0.825674325674326,0.3773146876589037,0.6062767705625735
1653.0,0.5298740206540248,0.1079365079365079,0.29751770293569635,0.17464671075530797,0.19448110872793264,0.7046091518159037,0.825674325674326,0.3773146876589037,0.6062767705625735
1655.0,0.5298740206540248,0.1079365079365079,0.29751770293569635,0.17464671075530797,0.19448110872793264,0.7046091518159037,0.825674325674326,0.3773146876589037,0.6062767705625735
1666.0,0.5298740206540248,0.1079365079365079,0.29751770293569635,0.17464671075530797,0.19448110872793264,0.7046091518159037,0.825674325674326,0.3773146876589037,0.6062767705625735
1675.0,0.5268803821192563,0.1079365079365079,0.29751770293569635,0.17464671075530797,0.19448110872793264,0.7046091518159037,0.825674325674326,0.3773146876589037,0.6062767705625735
1679.0,0.5238696370785746,0.1079365079365079,0.29751770293569635,0.17464671075530797,0.19448110872793264,0.6946850792551166,0.825674325674326,0.3773146876589037,0.5989722311582051
1680.0,0.5238696370785746,0.1079365079365079,0.29751770293569635,0.17464671075530797,0.19448110872793264,0.6946850792551166,0.825674325674326,0.3773146876589037,0.5989722311582051
1684.0,0.5208414888873686,0.1079365079365079,0.29751770293569635,0.17464671075530797,0.19448110872793264,0.6946850792551166,0.825674325674326,0.3773146876589037,0.5989722311582051
1685.0,0.5208414888873686,0.1079365079365079,0.29751770293569635,0.17464671075530797,0.19448110872793264,0.6946850792551166,0.825674325674326,0.3773146876589037,0.5989722311582051
1692.0,0.5208414888873686,0.1079365079365079,0.29751770293569635,0.17464671075530797,0.19448110872793264,0.6946850792551166,0.825674325674326,0.3773146876589037,0.5989722311582051
1693.0,0.5208414888873686,0.1079365079365079,0.29751770293569635,0.17464671075530797,0.19448110872793264,0.6946850792551166,0.825674325674326,0.3773146876589037,0.5989722311582051
1701.0,0.5177412419297059,0.1079365079365079,0.2833501932720917,0.17464671075530797,0.19448110872793264,0.6946850792551166,0.825674325674326,0.3773146876589037,0.5989722311582051
1702.0,0.5177412419297059,0.1079365079365079,0.2833501932720917,0.17464671075530797,0.19448110872793264,0.6946850792551166,0.825674325674326,0.3773146876589037,0.5989722311582051
1703.0,0.5177412419297059,0.1079365079365079,0.2833501932720917,0.17464671075530797,0.19448110872793264,0.6946850792551166,0.825674325674326,0.3773146876589037,0.5989722311582051
1707.0,0.5177412419297059,0.1079365079365079,0.2833501932720917,0.17464671075530797,0.19448110872793264,0.6946850792551166,0.825674325674326,0.3773146876589037,0.5989722311582051
1714.0,0.5177412419297059,0.1079365079365079,0.2833501932720917,0.17464671075530797,0.19448110872793264,0.6946850792551166,0.825674325674326,0.3773146876589037,0.5989722311582051
1717.0,0.5177412419297059,0.1079365079365079,0.2833501932720917,0.17464671075530797,0.19448110872793264,0.6946850792551166,0.825674325674326,0.3773146876589037,0.5989722311582051
1720.0,0.5177412419297059,0.1079365079365079,0.2833501932720917,0.17464671075530797,0.19448110872793264,0.6946850792551166,0.825674325674326,0.3773146876589037,0.5989722311582051
1721.0,0.5177412419297059,0.1079365079365079,0.2833501932720917,0.17464671075530797,0.19448110872793264,0.6946850792551166,0.825674325674326,0.3773146876589037,0.5989722311582051
1722.0,0.5177412419297059,0.1079365079365079,0.2833501932720917,0.17464671075530797,0.19448110872793264,0.6946850792551166,0.825674325674326,0.3773146876589037,0.5989722311582051
1729.0,0.5177412419297059,0.1079365079365079,0.2833501932720917,0.17464671075530797,0.19448110872793264,0.6946850792551166,0.825674325674326,0.3773146876589037,0.5989722311582051
1730.0,0.5142896336501748,0.05396825396825395,0.2684370252051395,0.17464671075530797,0.19448110872793264,0.6946850792551166,0.825674325674326,0.3681118903989304,0.5989722311582051
1735.0,0.5142896336501748,0.05396825396825395,0.2684370252051395,0.17464671075530797,0.19448110872793264,0.6946850792551166,0.825674325674326,0.3681118903989304,0.5989722311582051
1743.0,0.5142896336501748,0.05396825396825395,0.2684370252051395,0.17464671075530797,0.19448110872793264,0.6946850792551166,0.825674325674326,0.3681118903989304,0.5989722311582051
1751.0,0.5142896336501748,0.05396825396825395,0.2684370252051395,0.17464671075530797,0.19448110872793264,0.6946850792551166,0.825674325674326,0.3681118903989304,0.5989722311582051
1753.0,0.5107181778609372,0.05396825396825395,0.2684370252051395,0.17464671075530797,0.19448110872793264,0.6946850792551166,0.825674325674326,0.3681118903989304,0.5989722311582051
1756.0,0.5107181778609372,0.05396825396825395,0.2684370252051395,0.17464671075530797,0.19448110872793264,0.6946850792551166,0.825674325674326,0.3681118903989304,0.5989722311582051
1760.0,0.5107181778609372,0.05396825396825395,0.2684370252051395,0.17464671075530797,0.19448110872793264,0.6946850792551166,0.825674325674326,0.3681118903989304,0.5989722311582051
1763.0,0.5070701908762163,0.05396825396825395,0.2684370252051395,0.17464671075530797,0.19448110872793264,0.6822799885541322,0.825674325674326,0.35816292038814845,0.5902914741848977
1765.0,0.5070701908762163,0.05396825396825395,0.2684370252051395,0.17464671075530797,0.19448110872793264,0.6822799885541322,0.825674325674326,0.35816292038814845,0.5902914741848977
1767.0,0.5070701908762163,0.05396825396825395,0.2684370252051395,0.17464671075530797,0.19448110872793264,0.6822799885541322,0.825674325674326,0.35816292038814845,0.5902914741848977
1771.0,0.5070701908762163,0.05396825396825395,0.2684370252051395,0.17464671075530797,0.19448110872793264,0.6822799885541322,0.825674325674326,0.35816292038814845,0.5902914741848977
1781.0,0.5070701908762163,0.05396825396825395,0.2684370252051395,0.17464671075530797,0.19448110872793264,0.6822799885541322,0.825674325674326,0.35816292038814845,0.5902914741848977
1786.0,0.5070701908762163,0.05396825396825395,0.2684370252051395,0.17464671075530797,0.19448110872793264,0.6822799885541322,0.825674325674326,0.35816292038814845,0.5902914741848977
1789.0,0.5070701908762163,0.05396825396825395,0.2684370252051395,0.17464671075530797,0.19448110872793264,0.6822799885541322,0.825674325674326,0.35816292038814845,0.5902914741848977
1791.0,0.5070701908762163,0.05396825396825395,0.2684370252051395,0.17464671075530797,0.19448110872793264,0.6822799885541322,0.825674325674326,0.35816292038814845,0.5902914741848977
1806.0,0.5032287500362449,0.05396825396825395,0.2684370252051395,0.17464671075530797,0.19448110872793264,0.6822799885541322,0.825674325674326,0.35816292038814845,0.5902914741848977
1807.0,0.49938730919627367,0.05396825396825395,0.2684370252051395,0.17464671075530797,0.19448110872793264,0.6822799885541322,0.825674325674326,0.35816292038814845,0.5812100668897454
1814.0,0.49164487029400594,0.05396825396825395,0.24926295197620105,0.17464671075530797,0.19448110872793264,0.6694067812229222,0.825674325674326,0.35816292038814845,0.5812100668897454
1818.0,0.49164487029400594,0.05396825396825395,0.24926295197620105,0.17464671075530797,0.19448110872793264,0.6694067812229222,0.825674325674326,0.35816292038814845,0.5812100668897454
1820.0,0.49164487029400594,0.05396825396825395,0.24926295197620105,0.17464671075530797,0.19448110872793264,0.6694067812229222,0.825674325674326,0.35816292038814845,0.5812100668897454
1821.0,0.49164487029400594,0.05396825396825395,0.24926295197620105,0.17464671075530797,0.19448110872793264,0.6694067812229222,0.825674325674326,0.35816292038814845,0.5812100668897454
1826.0,0.49164487029400594,0.05396825396825395,0.24926295197620105,0.17464671075530797,0.19448110872793264,0.6694067812229222,0.825674325674326,0.35816292038814845,0.5812100668897454
1833.0,0.49164487029400594,0.05396825396825395,0.24926295197620105,0.17464671075530797,0.19448110872793264,0.6694067812229222,0.825674325674326,0.35816292038814845,0.5812100668897454
1834.0,0.49164487029400594,0.05396825396825395,0.24926295197620105,0.17464671075530797,0.19448110872793264,0.6694067812229222,0.825674325674326,0.35816292038814845,0.5812100668897454
1838.0,0.49164487029400594,0.05396825396825395,0.24926295197620105,0.17464671075530797,0.19448110872793264,0.6694067812229222,0.825674325674326,0.35816292038814845,0.5812100668897454
1840.0,0.49164487029400594,0.05396825396825395,0.24926295197620105,0.17464671075530797,0.19448110872793264,0.6694067812229222,0.825674325674326,0.35816292038814845,0.5812100668897454
1841.0,0.49164487029400594,0.05396825396825395,0.24926295197620105,0.17464671075530797,0.19448110872793264,0.6694067812229222,0.825674325674326,0.35816292038814845,0.5812100668897454
1842.0,0.49164487029400594,0.05396825396825395,0.24926295197620105,0.17464671075530797,0.19448110872793264,0.6694067812229222,0.825674325674326,0.35816292038814845,0.5812100668897454
1846.0,0.49164487029400594,0.05396825396825395,0.24926295197620105,0.17464671075530797,0.19448110872793264,0.6694067812229222,0.825674325674326,0.35816292038814845,0.5812100668897454
1847.0,0.49164487029400594,0.05396825396825395,0.24926295197620105,0.17464671075530797,0.19448110872793264,0.6694067812229222,0.825674325674326,0.35816292038814845,0.5812100668897454
1852.0,0.49164487029400594,0.05396825396825395,0.24926295197620105,0.17464671075530797,0.19448110872793264,0.6694067812229222,0.825674325674326,0.35816292038814845,0.5812100668897454
1853.0,0.49164487029400594,0.05396825396825395,0.24926295197620105,0.17464671075530797,0.19448110872793264,0.6694067812229222,0.825674325674326,0.35816292038814845,0.5812100668897454
1854.0,0.49164487029400594,0.05396825396825395,0.24926295197620105,0.17464671075530797,0.19448110872793264,0.6694067812229222,0.825674325674326,0.35816292038814845,0.5812100668897454
1855.0,0.49164487029400594,0.05396825396825395,0.24926295197620105,0.17464671075530797,0.19448110872793264,0.6694067812229222,0.825674325674326,0.35816292038814845,0.5812100668897454
1856.0,0.49164487029400594,0.05396825396825395,0.24926295197620105,0.17464671075530797,0.19448110872793264,0.6694067812229222,0.825674325674326,0.35816292038814845,0.5812100668897454
1858.0,0.49164487029400594,0.05396825396825395,0.24926295197620105,0.17464671075530797,0.19448110872793264,0.6694067812229222,0.825674325674326,0.35816292038814845,0.5812100668897454
1861.0,0.49164487029400594,0.05396825396825395,0.24926295197620105,0.17464671075530797,0.19448110872793264,0.6694067812229222,0.825674325674326,0.35816292038814845,0.5812100668897454
1862.0,0.49164487029400594,0.05396825396825395,0.24926295197620105,0.17464671075530797,0.19448110872793264,0.6694067812229222,0.825674325674326,0.35816292038814845,0.5812100668897454
1863.0,0.49164487029400594,0.05396825396825395,0.24926295197620105,0.17464671075530797,0.19448110872793264,0.6694067812229222,0.825674325674326,0.35816292038814845,0.5812100668897454
1866.0,0.49164487029400594,0.05396825396825395,0.24926295197620105,0.17464671075530797,0.19448110872793264,0.6694067812229222,0.825674325674326,0.35816292038814845,0.5812100668897454
1868.0,0.49164487029400594,0.05396825396825395,0.24926295197620105,0.17464671075530797,0.19448110872793264,0.6694067812229222,0.825674325674326,0.35816292038814845,0.5812100668897454
1869.0,0.49164487029400594,0.05396825396825395,0.24926295197620105,0.17464671075530797,0.19448110872793264,0.6694067812229222,0.825674325674326,0.35816292038814845,0.5812100668897454
1878.0,0.49164487029400594,0.05396825396825395,0.24926295197620105,0.17464671075530797,0.19448110872793264,0.6694067812229222,0.825674325674326,0.35816292038814845,0.5812100668897454
1884.0,0.49164487029400594,0.05396825396825395,0.24926295197620105,0.17464671075530797,0.19448110872793264,0.6694067812229222,0.825674325674326,0.35816292038814845,0.5812100668897454
1897.0,0.49164487029400594,0.05396825396825395,0.24926295197620105,0.17464671075530797,0.19448110872793264,0.6694067812229222,0.825674325674326,0.35816292038814845,0.5812100668897454
1904.0,0.49164487029400594,0.05396825396825395,0.24926295197620105,0.17464671075530797,0.19448110872793264,0.6694067812229222,0.825674325674326,0.35816292038814845,0.5812100668897454
1905.0,0.49164487029400594,0.05396825396825395,0.24926295197620105,0.17464671075530797,0.19448110872793264,0.6694067812229222,0.825674325674326,0.35816292038814845,0.5812100668897454
1918.0,0.4864146057164103,0.05396825396825395,0.24926295197620105,0.17464671075530797,0.19448110872793264,0.6526716116923491,0.825674325674326,0.3432394653719756,0.5680007471877058
1922.0,0.4864146057164103,0.05396825396825395,0.24926295197620105,0.17464671075530797,0.19448110872793264,0.6526716116923491,0.825674325674326,0.3432394653719756,0.5680007471877058
1926.0,0.4864146057164103,0.05396825396825395,0.24926295197620105,0.17464671075530797,0.19448110872793264,0.6526716116923491,0.825674325674326,0.3432394653719756,0.5680007471877058
1933.0,0.4864146057164103,0.05396825396825395,0.24926295197620105,0.17464671075530797,0.19448110872793264,0.6526716116923491,0.825674325674326,0.3432394653719756,0.5680007471877058
1938.0,0.4864146057164103,0.05396825396825395,0.24926295197620105,0.17464671075530797,0.19448110872793264,0.6526716116923491,0.825674325674326,0.3432394653719756,0.5680007471877058
1956.0,0.4864146057164103,0.05396825396825395,0.24926295197620105,0.17464671075530797,0.19448110872793264,0.6526716116923491,0.825674325674326,0.3432394653719756,0.5680007471877058
1959.0,0.4864146057164103,0.05396825396825395,0.24926295197620105,0.17464671075530797,0.19448110872793264,0.6526716116923491,0.825674325674326,0.3432394653719756,0.5680007471877058
1965.0,0.4864146057164103,0.05396825396825395,0.24926295197620105,0.17464671075530797,0.19448110872793264,0.6526716116923491,0.825674325674326,0.3432394653719756,0.5680007471877058
1975.0,0.4806239556483581,0.05396825396825395,0.21365395883674376,0.0,0.19448110872793264,0.6526716116923491,0.825674325674326,0.3432394653719756,0.5541470704270299
1976.0,0.4806239556483581,0.05396825396825395,0.21365395883674376,0.0,0.19448110872793264,0.6526716116923491,0.825674325674326,0.3432394653719756,0.5541470704270299
1977.0,0.4747626878965489,0.05396825396825395,0.17804496569728645,0.0,0.19448110872793264,0.6526716116923491,0.825674325674326,0.3276376714914312,0.5402933936663541
1979.0,0.4747626878965489,0.05396825396825395,0.17804496569728645,0.0,0.19448110872793264,0.6526716116923491,0.825674325674326,0.3276376714914312,0.5402933936663541
1981.0,0.4747626878965489,0.05396825396825395,0.17804496569728645,0.0,0.19448110872793264,0.6526716116923491,0.825674325674326,0.3276376714914312,0.5402933936663541
1984.0,0.4747626878965489,0.05396825396825395,0.17804496569728645,0.0,0.19448110872793264,0.6526716116923491,0.825674325674326,0.3276376714914312,0.5402933936663541
1989.0,0.4685969387030871,0.05396825396825395,0.17804496569728645,0.0,0.19448110872793264,0.6316176887345314,0.7077208505779937,0.3276376714914312,0.526075146464608
1990.0,0.4624311895096253,0.05396825396825395,0.17804496569728645,0.0,0.19448110872793264,0.6105637657767137,0.5897673754816614,0.3276376714914312,0.526075146464608
2007.0,0.4624311895096253,0.05396825396825395,0.17804496569728645,0.0,0.19448110872793264,0.6105637657767137,0.5897673754816614,0.3276376714914312,0.526075146464608
2009.0,0.4624311895096253,0.05396825396825395,0.17804496569728645,0.0,0.19448110872793264,0.6105637657767137,0.5897673754816614,0.3276376714914312,0.526075146464608
2010.0,0.4624311895096253,0.05396825396825395,0.17804496569728645,0.0,0.19448110872793264,0.6105637657767137,0.5897673754816614,0.3276376714914312,0.526075146464608
2011.0,0.4624311895096253,0.05396825396825395,0.17804496569728645,0.0,0.19448110872793264,0.6105637657767137,0.5897673754816614,0.3276376714914312,0.526075146464608
2014.0,0.4624311895096253,0.05396825396825395,0.17804496569728645,0.0,0.19448110872793264,0.6105637657767137,0.5897673754816614,0.3276376714914312,0.526075146464608
2015.0,0.4556307308403658,0.05396825396825395,0.17804496569728645,0.0,0.19448110872793264,0.6105637657767137,0.5897673754816614,0.3276376714914312,0.509635298137589
2017.0,0.4556307308403658,0.05396825396825395,0.17804496569728645,0.0,0.19448110872793264,0.6105637657767137,0.5897673754816614,0.3276376714914312,0.509635298137589
2018.0,0.4487272349185421,0.05396825396825395,0.17804496569728645,0.0,0.19448110872793264,0.6105637657767137,0.5897673754816614,0.3276376714914312,0.49264745486633604
2024.0,0.4487272349185421,0.05396825396825395,0.17804496569728645,0.0,0.19448110872793264,0.6105637657767137,0.5897673754816614,0.3276376714914312,0.49264745486633604
2027.0,0.4487272349185421,0.05396825396825395,0.17804496569728645,0.0,0.19448110872793264,0.6105637657767137,0.5897673754816614,0.3276376714914312,0.49264745486633604
2030.0,0.4416045803960257,0.05396825396825395,0.17804496569728645,0.0,0.19448110872793264,0.5879502929701688,0.5897673754816614,0.305795160058669,0.47440125283424955
2034.0,0.434365161045271,0.05396825396825395,0.17804496569728645,0.0,0.19448110872793264,0.5653368201636236,0.5897673754816614,0.28227245543877144,0.47440125283424955
2039.0,0.4271257416945167,0.05396825396825395,0.17804496569728645,0.0,0.19448110872793264,0.542723347357079,0.5897673754816614,0.28227245543877144,0.47440125283424955
2048.0,0.4271257416945167,0.05396825396825395,0.17804496569728645,0.0,0.19448110872793264,0.542723347357079,0.5897673754816614,0.28227245543877144,0.47440125283424955
2049.0,0.4271257416945167,0.05396825396825395,0.17804496569728645,0.0,0.19448110872793264,0.542723347357079,0.5897673754816614,0.28227245543877144,0.47440125283424955
2051.0,0.4271257416945167,0.05396825396825395,0.17804496569728645,0.0,0.19448110872793264,0.542723347357079,0.5897673754816614,0.28227245543877144,0.47440125283424955
2052.0,0.4271257416945167,0.05396825396825395,0.17804496569728645,0.0,0.19448110872793264,0.542723347357079,0.5897673754816614,0.28227245543877144,0.47440125283424955
2056.0,0.4271257416945167,0.05396825396825395,0.17804496569728645,0.0,0.19448110872793264,0.542723347357079,0.5897673754816614,0.28227245543877144,0.47440125283424955
2057.0,0.4271257416945167,0.05396825396825395,0.17804496569728645,0.0,0.19448110872793264,0.542723347357079,0.5897673754816614,0.28227245543877144,0.47440125283424955
2059.0,0.4271257416945167,0.05396825396825395,0.17804496569728645,0.0,0.19448110872793264,0.542723347357079,0.5897673754816614,0.28227245543877144,0.47440125283424955
2065.0,0.4271257416945167,0.05396825396825395,0.17804496569728645,0.0,0.19448110872793264,0.542723347357079,0.5897673754816614,0.28227245543877144,0.47440125283424955
2093.0,0.4187507271514869,0.05396825396825395,0.17804496569728645,0.0,0.19448110872793264,0.5180541042953934,0.5897673754816614,0.28227245543877144,0.47440125283424955
2126.0,0.4187507271514869,0.05396825396825395,0.17804496569728645,0.0,0.19448110872793264,0.5180541042953934,0.5897673754816614,0.28227245543877144,0.47440125283424955
2128.0,0.4187507271514869,0.05396825396825395,0.17804496569728645,0.0,0.19448110872793264,0.5180541042953934,0.5897673754816614,0.28227245543877144,0.47440125283424955
2132.0,0.4187507271514869,0.05396825396825395,0.17804496569728645,0.0,0.19448110872793264,0.5180541042953934,0.5897673754816614,0.28227245543877144,0.47440125283424955
2138.0,0.4187507271514869,0.05396825396825395,0.17804496569728645,0.0,0.19448110872793264,0.5180541042953934,0.5897673754816614,0.28227245543877144,0.47440125283424955
2144.0,0.4187507271514869,0.05396825396825395,0.17804496569728645,0.0,0.19448110872793264,0.5180541042953934,0.5897673754816614,0.28227245543877144,0.47440125283424955
2148.0,0.4187507271514869,0.05396825396825395,0.17804496569728645,0.0,0.19448110872793264,0.5180541042953934,0.5897673754816614,0.28227245543877144,0.47440125283424955
2153.0,0.4187507271514869,0.05396825396825395,0.17804496569728645,0.0,0.19448110872793264,0.5180541042953934,0.5897673754816614,0.28227245543877144,0.47440125283424955
2156.0,0.4187507271514869,0.05396825396825395,0.17804496569728645,0.0,0.19448110872793264,0.5180541042953934,0.5897673754816614,0.28227245543877144,0.47440125283424955
2161.0,0.4187507271514869,0.05396825396825395,0.17804496569728645,0.0,0.19448110872793264,0.5180541042953934,0.5897673754816614,0.28227245543877144,0.47440125283424955
2170.0,0.4187507271514869,0.05396825396825395,0.17804496569728645,0.0,0.19448110872793264,0.5180541042953934,0.5897673754816614,0.28227245543877144,0.47440125283424955
2172.0,0.4187507271514869,0.05396825396825395,0.17804496569728645,0.0,0.19448110872793264,0.5180541042953934,0.5897673754816614,0.28227245543877144,0.47440125283424955
2175.0,0.4187507271514869,0.05396825396825395,0.17804496569728645,0.0,0.19448110872793264,0.5180541042953934,0.5897673754816614,0.28227245543877144,0.47440125283424955
2177.0,0.4187507271514869,0.05396825396825395,0.17804496569728645,0.0,0.19448110872793264,0.5180541042953934,0.5897673754816614,0.28227245543877144,0.47440125283424955
2192.0,0.4187507271514869,0.05396825396825395,0.17804496569728645,0.0,0.19448110872793264,0.5180541042953934,0.5897673754816614,0.28227245543877144,0.47440125283424955
2195.0,0.4187507271514869,0.05396825396825395,0.17804496569728645,0.0,0.19448110872793264,0.5180541042953934,0.5897673754816614,0.28227245543877144,0.47440125283424955
2205.0,0.4187507271514869,0.05396825396825395,0.17804496569728645,0.0,0.19448110872793264,0.5180541042953934,0.5897673754816614,0.28227245543877144,0.47440125283424955
2217.0,0.4187507271514869,0.05396825396825395,0.17804496569728645,0.0,0.19448110872793264,0.5180541042953934,0.5897673754816614,0.28227245543877144,0.47440125283424955
2227.0,0.4187507271514869,0.05396825396825395,0.17804496569728645,0.0,0.19448110872793264,0.5180541042953934,0.5897673754816614,0.28227245543877144,0.47440125283424955
2233.0,0.4187507271514869,0.05396825396825395,0.17804496569728645,0.0,0.19448110872793264,0.5180541042953934,0.5897673754816614,0.28227245543877144,0.47440125283424955
2234.0,0.4187507271514869,0.05396825396825395,0.17804496569728645,0.0,0.19448110872793264,0.5180541042953934,0.5897673754816614,0.28227245543877144,0.47440125283424955
2237.0,0.4187507271514869,0.05396825396825395,0.17804496569728645,0.0,0.19448110872793264,0.5180541042953934,0.5897673754816614,0.28227245543877144,0.47440125283424955
2239.0,0.4187507271514869,0.05396825396825395,0.17804496569728645,0.0,0.19448110872793264,0.5180541042953934,0.5897673754816614,0.28227245543877144,0.47440125283424955
2271.0,0.4187507271514869,0.05396825396825395,0.17804496569728645,0.0,0.19448110872793264,0.5180541042953934,0.5897673754816614,0.28227245543877144,0.47440125283424955
2286.0,0.4020006980654276,0.05396825396825395,0.0,0.0,0.19448110872793264,0.5180541042953934,0.5897673754816614,0.28227245543877144,0.47440125283424955
2296.0,0.4020006980654276,0.05396825396825395,0.0,0.0,0.19448110872793264,0.5180541042953934,0.5897673754816614,0.28227245543877144,0.47440125283424955
2297.0,0.4020006980654276,0.05396825396825395,0.0,0.0,0.19448110872793264,0.5180541042953934,0.5897673754816614,0.28227245543877144,0.47440125283424955
2320.0,0.4020006980654276,0.05396825396825395,0.0,0.0,0.19448110872793264,0.5180541042953934,0.5897673754816614,0.28227245543877144,0.47440125283424955
2353.0,0.4020006980654276,0.05396825396825395,0.0,0.0,0.19448110872793264,0.5180541042953934,0.5897673754816614,0.28227245543877144,0.47440125283424955
2370.0,0.4020006980654276,0.05396825396825395,0.0,0.0,0.19448110872793264,0.5180541042953934,0.5897673754816614,0.28227245543877144,0.47440125283424955
2372.0,0.38084276658829985,0.05396825396825395,0.0,0.0,0.19448110872793264,0.44404637511033723,0.5897673754816614,0.21170434157907858,0.4379088487700765
2380.0,0.38084276658829985,0.05396825396825395,0.0,0.0,0.19448110872793264,0.44404637511033723,0.5897673754816614,0.21170434157907858,0.4379088487700765
2388.0,0.38084276658829985,0.05396825396825395,0.0,0.0,0.19448110872793264,0.44404637511033723,0.5897673754816614,0.21170434157907858,0.4379088487700765
2401.0,0.38084276658829985,0.05396825396825395,0.0,0.0,0.19448110872793264,0.44404637511033723,0.5897673754816614,0.21170434157907858,0.4379088487700765
2438.0,0.38084276658829985,0.05396825396825395,0.0,0.0,0.19448110872793264,0.44404637511033723,0.5897673754816614,0.21170434157907858,0.4379088487700765
2449.0,0.38084276658829985,0.05396825396825395,0.0,0.0,0.19448110872793264,0.44404637511033723,0.5897673754816614,0.21170434157907858,0.4379088487700765
2456.0,0.34275848992946983,0.05396825396825395,0.0,0.0,0.19448110872793264,0.44404637511033723,0.5897673754816614,0.10585217078953929,0.4379088487700765
2467.0,0.34275848992946983,0.05396825396825395,0.0,0.0,0.19448110872793264,0.44404637511033723,0.5897673754816614,0.10585217078953929,0.4379088487700765
2471.0,0.34275848992946983,0.05396825396825395,0.0,0.0,0.19448110872793264,0.44404637511033723,0.5897673754816614,0.10585217078953929,0.4379088487700765
2539.0,0.34275848992946983,0.05396825396825395,0.0,0.0,0.19448110872793264,0.44404637511033723,0.5897673754816614,0.10585217078953929,0.4379088487700765
2551.0,0.34275848992946983,0.05396825396825395,0.0,0.0,0.19448110872793264,0.44404637511033723,0.5897673754816614,0.10585217078953929,0.4379088487700765
2556.0,0.34275848992946983,0.05396825396825395,0.0,0.0,0.19448110872793264,0.44404637511033723,0.5897673754816614,0.10585217078953929,0.4379088487700765
2563.0,0.34275848992946983,0.05396825396825395,0.0,0.0,0.19448110872793264,0.44404637511033723,0.5897673754816614,0.10585217078953929,0.4379088487700765
2612.0,0.34275848992946983,0.05396825396825395,0.0,0.0,0.19448110872793264,0.44404637511033723,0.5897673754816614,0.10585217078953929,0.4379088487700765
2659.0,0.34275848992946983,0.05396825396825395,0.0,0.0,0.19448110872793264,0.44404637511033723,0.5897673754816614,0.10585217078953929,0.4379088487700765
